Date,US,UU,QS,QC,QCE,CP,OP,US -> QS,QS -> QC,QC -> CP,CP -> OP,UU -> CP,UU -> OP,QS -> OP,Day1 QS,Day1 CP,Total_cp,Other_cp,Google_cp,FB_cp,Tiktok_cp,Total_op,Other_op,Google_op,FB_op,Tiktok_op,Total_proj_cp,Other_proj_cp,Google_proj_cp,FB_proj_cp,Tiktok_proj_cp,Total_proj_op,Other_proj_op,Google_proj_op,FB_proj_op,Tiktok_proj_op,Total_spend,Other_spend,Google_spend,FB_spend,Tiktok_spend,CP_forecast,OP_forecast,YouTube_spend
"Wed, Jan 1, 2025",-,"26,667","5,711","4,329","3,766",640,468,-,75.80%,14.78%,73.13%,-,-,8.19%,275,31,,,,,,,,,,,,,,,,,,,,,"£51,799",,-,"£51,799",-,,,-
"Thu, Jan 2, 2025",-,"27,781","5,618","4,242","3,693",647,457,-,75.51%,15.25%,70.63%,-,-,8.13%,265,35,,,,,,,,,,,,,,,,,,,,,"£47,341",,-,"£47,341",-,,,-
"Fri, Jan 3, 2025",-,"26,863","5,540","4,308","3,783",615,470,-,77.76%,14.28%,76.42%,-,-,8.48%,280,28,,,,,,,,,,,,,,,,,,,,,"£55,328",,-,"£55,328",-,,,-
"Sat, Jan 4, 2025",-,"27,805","5,328","4,245","3,734",575,408,-,79.67%,13.55%,70.96%,-,-,7.66%,226,16,,,,,,,,,,,,,,,,,,,,,"£59,869",,-,"£59,869",-,,,-
"Sun, Jan 5, 2025",-,"30,526","6,337","5,033","4,363",631,465,-,79.42%,12.54%,73.69%,-,-,7.34%,306,7,,,,,,,,,,,,,,,,,,,,,"£72,262",,-,"£72,262",-,,,-
"Mon, Jan 6, 2025",-,"28,179","5,510","4,354","3,774",584,406,-,79.02%,13.41%,69.52%,-,-,7.37%,249,16,,,,,,,,,,,,,,,,,,,,,"£70,557",,-,"£70,557",-,,,-
"Tue, Jan 7, 2025",-,"26,261","4,964","3,889","3,388",599,420,-,78.34%,15.40%,70.12%,-,-,8.46%,260,5,,,,,,,,,,,,,,,,,,,,,"£69,595",,-,"£69,595",-,,,-
"Wed, Jan 8, 2025",-,"24,495","4,630","3,670","3,169",520,352,-,79.27%,14.17%,67.69%,-,-,7.60%,223,21,,,,,,,,,,,,,,,,,,,,,"£68,646",,-,"£68,646",-,,,-
"Thu, Jan 9, 2025",-,"20,820","3,752","3,027","2,637",452,324,-,80.68%,14.93%,71.68%,-,-,8.64%,221,31,,,,,,,,,,,,,,,,,,,,,"£50,987",,-,"£50,987",-,,,-
"Fri, Jan 10, 2025",-,"16,971","2,860","2,326","2,057",364,265,-,81.33%,15.65%,72.80%,-,-,9.27%,180,24,,,,,,,,,,,,,,,,,,,,,"£29,938",,-,"£29,938",-,,,-
"Sat, Jan 11, 2025",-,"16,012","2,935","2,414","2,128",396,279,-,82.25%,16.40%,70.45%,-,-,9.51%,190,0,,,,,,,,,,,,,,,,,,,,,"£26,220",,-,"£26,220",-,,,-
"Sun, Jan 12, 2025",-,"16,670","3,307","2,719","2,356",430,312,-,82.22%,15.81%,72.56%,-,-,9.43%,217,0,,,,,,,,,,,,,,,,,,,,,"£22,587",,-,"£22,587",-,,,-
"Mon, Jan 13, 2025",-,"19,937","3,622","2,947","2,597",458,334,-,81.36%,15.54%,72.93%,-,-,9.22%,213,0,,,,,,,,,,,,,,,,,,,,,"£20,915",,-,"£20,915",-,,,-
"Tue, Jan 14, 2025",-,"16,331","2,783","2,331","2,087",402,275,-,83.76%,17.25%,68.41%,-,-,9.88%,192,14,,,,,,,,,,,,,,,,,,,,,"£20,026",,-,"£20,026",-,,,-
"Wed, Jan 15, 2025",-,"12,445","1,755","1,452","1,325",295,204,-,82.74%,20.32%,69.15%,-,-,11.62%,159,34,,,,,,,,,,,,,,,,,,,,,"£19,025",,-,"£19,025",-,,,-
"Thu, Jan 16, 2025",-,"11,436","1,568","1,347","1,196",253,178,-,85.91%,18.78%,70.36%,-,-,11.35%,127,40,,,,,,,,,,,,,,,,,,,,,"£12,933",,-,"£12,933",-,,,-
"Fri, Jan 17, 2025",-,"9,643","1,342","1,131","1,032",250,169,-,84.28%,22.10%,67.60%,-,-,12.59%,131,50,,,,,,,,,,,,,,,,,,,,,"£11,164",,-,"£11,164",-,,,-
"Sat, Jan 18, 2025",-,"9,063","1,271","1,110","1,001",242,179,-,87.33%,21.80%,73.97%,-,-,14.08%,118,46,,,,,,,,,,,,,,,,,,,,,"£10,573",,-,"£10,573",-,,,-
"Sun, Jan 19, 2025",-,"10,132","1,488","1,274","1,150",264,190,-,85.62%,20.72%,71.97%,-,-,12.77%,125,38,,,,,,,,,,,,,,,,,,,,,"£12,479",,-,"£12,479",-,,,-
"Mon, Jan 20, 2025",-,"9,830","1,280","1,085",974,248,191,-,84.77%,22.86%,77.02%,-,-,14.92%,110,38,,,,,,,,,,,,,,,,,,,,,"£11,326",,-,"£11,326",-,,,-
"Tue, Jan 21, 2025",-,"8,181",931,787,712,187,125,-,84.53%,23.76%,66.84%,-,-,13.43%,109,28,,,,,,,,,,,,,,,,,,,,,"£11,138",,-,"£11,138",-,,,-
"Wed, Jan 22, 2025",-,"7,992",814,693,621,178,135,-,85.14%,25.69%,75.84%,-,-,16.58%,98,29,,,,,,,,,,,,,,,,,,,,,"£11,194",,-,"£11,194",-,,,-
"Thu, Jan 23, 2025",-,"8,183","1,021",851,779,194,136,-,83.35%,22.80%,70.10%,-,-,13.32%,102,27,,,,,,,,,,,,,,,,,,,,,"£9,762",,-,"£9,762",-,,,-
"Fri, Jan 24, 2025",-,"7,666",921,793,725,174,124,-,86.10%,21.94%,71.26%,-,-,13.46%,97,29,,,,,,,,,,,,,,,,,,,,,"£6,312",,-,"£6,312",-,,,-
"Sat, Jan 25, 2025",-,"7,236",962,830,764,190,144,-,86.28%,22.89%,75.79%,-,-,14.97%,115,39,,,,,,,,,,,,,,,,,,,,,"£4,970",,-,"£4,970",-,,,-
"Sun, Jan 26, 2025",-,"7,846","1,075",946,844,211,152,-,88.00%,22.30%,72.04%,-,-,14.14%,120,23,,,,,,,,,,,,,,,,,,,,,"£5,376",,-,"£5,376",-,,,-
"Mon, Jan 27, 2025",-,"7,869",979,871,789,239,172,-,88.97%,27.44%,71.97%,-,-,17.57%,139,47,,,,,,,,,,,,,,,,,,,,,"£4,915",,-,"£4,915",-,,,-
"Tue, Jan 28, 2025",-,"7,992",942,794,720,221,165,-,84.29%,27.83%,74.66%,-,-,17.52%,122,28,,,,,,,,,,,,,,,,,,,,,"£5,527",,-,"£5,527",-,,,-
"Wed, Jan 29, 2025",-,"7,481",924,788,722,195,138,-,85.28%,24.75%,70.77%,-,-,14.94%,102,33,,,,,,,,,,,,,,,,,,,,,"£5,483",,-,"£5,483",-,,,-
"Thu, Jan 30, 2025",-,"7,501",966,822,733,197,140,-,85.09%,23.97%,71.07%,-,-,14.49%,80,15,,,,,,,,,,,,,,,,,,,,,"£5,365",,-,"£5,365",-,,,-
"Fri, Jan 31, 2025",-,"8,644","1,178","1,011",927,223,152,-,85.82%,22.06%,68.16%,-,-,12.90%,135,31,,,,,,,,,,,,,,,,,,,,,"£5,707",,-,"£5,707",-,,,-
"Sat, Feb 1, 2025",-,"8,173","1,177",993,913,177,130,-,84.37%,17.82%,73.45%,-,-,11.05%,97,0,,,,,,,,,,,,,,,,,,,,,"£4,679",,-,"£4,679",-,,,-
"Sun, Feb 2, 2025",-,"8,409","1,274","1,114","1,002",228,164,-,87.44%,20.47%,71.93%,-,-,12.87%,126,0,,,,,,,,,,,,,,,,,,,,,"£5,398",,-,"£5,398",-,,,-
"Mon, Feb 3, 2025",-,"9,244","1,331","1,135","1,031",233,151,-,85.27%,20.53%,64.81%,-,-,11.34%,116,16,,,,,,,,,,,,,,,,,,,,,"£6,140",,-,"£6,140",-,,,-
"Tue, Feb 4, 2025",-,"10,246","1,567","1,316","1,196",301,206,-,83.98%,22.87%,68.44%,-,-,13.15%,161,38,,,,,,,,,,,,,,,,,,,,,"£8,096",,-,"£8,096",-,,,-
"Wed, Feb 5, 2025",-,"9,695","1,407","1,176","1,063",259,181,-,83.58%,22.02%,69.88%,-,-,12.86%,147,32,,,,,,,,,,,,,,,,,,,,,"£7,232",,-,"£7,232",-,,,-
"Thu, Feb 6, 2025",-,"8,502","1,120",949,883,231,169,-,84.73%,24.34%,73.16%,-,-,15.09%,128,29,,,,,,,,,,,,,,,,,,,,,"£7,316",,-,"£7,316",-,,,-
"Fri, Feb 7, 2025",-,"7,802","1,056",894,789,198,140,-,84.66%,22.15%,70.71%,-,-,13.26%,110,22,,,,,,,,,,,,,,,,,,,,,"£8,244",,-,"£8,244",-,,,-
"Sat, Feb 8, 2025",-,"7,691","1,179","1,031",916,247,184,-,87.45%,23.96%,74.49%,-,-,15.61%,128,10,,,,,,,,,,,,,,,,,,,,,"£7,031",,-,"£7,031",-,,,-
"Sun, Feb 9, 2025",-,"8,563","1,408","1,196","1,044",270,200,-,84.94%,22.58%,74.07%,-,-,14.20%,139,0,,,,,,,,,,,,,,,,,,,,,"£8,566",,-,"£8,566",-,,,-
"Mon, Feb 10, 2025",-,"8,983","1,266","1,075",947,224,160,-,84.91%,20.84%,71.43%,-,-,12.64%,108,11,,,,,,,,,,,,,,,,,,,,,"£7,980",,-,"£7,980",-,,,-
"Tue, Feb 11, 2025",-,"8,757","1,232","1,052",952,225,159,-,85.39%,21.39%,70.67%,-,-,12.91%,117,22,,,,,,,,,,,,,,,,,,,,,"£9,356",,-,"£9,356",-,,,-
"Wed, Feb 12, 2025",-,"8,176","1,117",957,844,220,156,-,85.68%,22.99%,70.91%,-,-,13.97%,118,12,,,,,,,,,,,,,,,,,,,,,"£10,250",,-,"£10,250",-,,,-
"Thu, Feb 13, 2025",-,"8,010","1,085",913,832,220,158,-,84.15%,24.10%,71.82%,-,-,14.56%,104,6,,,,,,,,,,,,,,,,,,,,,"£8,934",,-,"£8,934",-,,,-
"Fri, Feb 14, 2025",-,"7,578","1,010",872,789,188,140,-,86.34%,21.56%,74.47%,-,-,13.86%,102,5,,,,,,,,,,,,,,,,,,,,,"£11,437",,-,"£11,437",-,,,-
"Sat, Feb 15, 2025",-,"11,517","2,215","1,813","1,611",322,232,-,81.85%,17.76%,72.05%,-,-,10.47%,164,11,,,,,,,,,,,,,,,,,,,,,"£14,511",,-,"£14,511",-,,,-
"Sun, Feb 16, 2025",-,"13,922","2,902","2,309","2,087",346,267,-,79.57%,14.98%,77.17%,-,-,9.20%,178,6,,,,,,,,,,,,,,,,,,,,,"£17,011",,-,"£17,011",-,,,-
"Mon, Feb 17, 2025",-,"13,569","2,556","2,001","1,797",335,233,-,78.29%,16.74%,69.55%,-,-,9.12%,158,18,,,,,,,,,,,,,,,,,,,,,"£14,200",,-,"£14,200",-,,,-
"Tue, Feb 18, 2025",-,"13,524","2,608","2,071","1,847",320,213,-,79.41%,15.45%,66.56%,-,-,8.17%,160,22,,,,,,,,,,,,,,,,,,,,,"£14,092",,-,"£14,092",-,,,-
"Wed, Feb 19, 2025",-,"15,062","2,903","2,257","1,992",355,254,-,77.75%,15.73%,71.55%,-,-,8.75%,173,6,,,,,,,,,,,,,,,,,,,,,"£19,076",,-,"£19,076",-,,,-
"Thu, Feb 20, 2025",-,"14,111","2,738","2,145","1,899",310,229,-,78.34%,14.45%,73.87%,-,-,8.36%,134,0,,,,,,,,,,,,,,,,,,,,,"£17,660",,-,"£17,660",-,,,-
"Fri, Feb 21, 2025",-,"13,409","2,540","1,940","1,743",275,209,-,76.38%,14.18%,76.00%,-,-,8.23%,132,0,,,,,,,,,,,,,,,,,,,,,"£16,679",,-,"£16,679",-,,,-
"Sat, Feb 22, 2025",-,"13,533","2,655","2,054","1,847",345,264,-,77.36%,16.80%,76.52%,-,-,9.94%,165,0,,,,,,,,,,,,,,,,,,,,,"£17,191",,-,"£17,191",-,,,-
"Sun, Feb 23, 2025",-,"13,449","2,593","2,043","1,805",343,269,-,78.79%,16.79%,78.43%,-,-,10.37%,152,15,,,,,,,,,,,,,,,,,,,,,"£19,473",,-,"£19,473",-,,,-
"Mon, Feb 24, 2025",-,"13,683","2,483","1,905","1,698",285,199,-,76.72%,14.96%,69.82%,-,-,8.01%,126,41,,,,,,,,,,,,,,,,,,,,,"£17,506",,-,"£17,506",-,,,-
"Tue, Feb 25, 2025",-,"12,966","2,389","1,817","1,624",300,211,-,76.06%,16.51%,70.33%,-,-,8.83%,122,25,,,,,,,,,,,,,,,,,,,,,"£16,925",,-,"£16,925",-,,,-
"Wed, Feb 26, 2025",-,"14,983","2,662","2,063","1,842",319,227,-,77.50%,15.46%,71.16%,-,-,8.53%,165,45,,,,,,,,,,,,,,,,,,,,,"£19,417",,-,"£19,417",-,,,-
"Thu, Feb 27, 2025",-,"13,043","2,258","1,737","1,559",279,207,-,76.93%,16.06%,74.19%,-,-,9.17%,122,26,,,,,,,,,,,,,,,,,,,,,"£19,663",,-,"£19,663",-,,,-
"Fri, Feb 28, 2025",-,"12,891","2,228","1,710","1,506",307,232,-,76.75%,17.95%,75.57%,-,-,10.41%,161,24,,,,,,,,,,,,,,,,,,,,,"£20,995",,-,"£20,995",-,,,-
"Sat, Mar 1, 2025",-,"13,266","2,324","1,808","1,580",317,227,-,77.80%,17.53%,71.61%,-,-,9.77%,170,0,,,,,,,,,,,,,,,,,,,,,"£20,756",,-,"£20,756",-,,,-
"Sun, Mar 2, 2025",-,"15,220","2,822","2,196","1,920",372,273,-,77.82%,16.94%,73.39%,-,-,9.67%,196,0,,,,,,,,,,,,,,,,,,,,,"£22,490",,-,"£22,490",-,,,-
"Mon, Mar 3, 2025",-,"15,988","2,553","1,965","1,709",392,274,-,76.97%,19.95%,69.90%,-,-,10.73%,198,5,,,,,,,,,,,,,,,,,,,,,"£20,281",,-,"£20,281",-,,,-
"Tue, Mar 4, 2025",-,"16,472","2,717","2,127","1,912",404,284,-,78.28%,18.99%,70.30%,-,-,10.45%,221,0,,,,,,,,,,,,,,,,,,,,,"£19,693",,-,"£19,693",-,,,-
"Wed, Mar 5, 2025",-,"16,435","2,521","1,989","1,782",342,239,-,78.90%,17.19%,69.88%,-,-,9.48%,189,0,,,,,,,,,,,,,,,,,,,,,"£20,219",,-,"£20,219",-,,,-
"Thu, Mar 6, 2025",-,"15,001","2,297","1,747","1,560",304,202,-,76.06%,17.40%,66.45%,-,-,8.79%,161,0,,,,,,,,,,,,,,,,,,,,,"£19,536",,-,"£19,536",-,,,-
"Fri, Mar 7, 2025",-,"14,064","2,229","1,722","1,530",318,234,-,77.25%,18.47%,73.58%,-,-,10.50%,143,0,,,,,,,,,,,,,,,,,,,,,"£19,084",,-,"£19,084",-,,,-
"Sat, Mar 8, 2025",-,"13,875","2,392","1,870","1,675",343,254,-,78.18%,18.34%,74.05%,-,-,10.62%,193,0,,,,,,,,,,,,,,,,,,,,,"£19,247",,-,"£19,247",-,,,-
"Sun, Mar 9, 2025",-,"13,792","2,494","1,951","1,709",368,269,-,78.23%,18.86%,73.10%,-,-,10.79%,190,0,,,,,,,,,,,,,,,,,,,,,"£19,829",,-,"£19,829",-,,,-
"Mon, Mar 10, 2025",-,"14,330","2,266","1,796","1,590",327,237,-,79.26%,18.21%,72.48%,-,-,10.46%,180,0,,,,,,,,,,,,,,,,,,,,,"£20,488",,-,"£20,488",-,,,-
"Tue, Mar 11, 2025",-,"14,440","2,342","1,886","1,659",325,231,-,80.53%,17.23%,71.08%,-,-,9.86%,167,0,,,,,,,,,,,,,,,,,,,,,"£19,433",,-,"£19,433",-,,,-
"Wed, Mar 12, 2025",-,"13,483","2,339","1,822","1,617",324,216,-,77.90%,17.78%,66.67%,-,-,9.23%,165,0,,,,,,,,,,,,,,,,,,,,,"£20,264",,-,"£20,264",-,,,-
"Thu, Mar 13, 2025",-,"13,658","2,504","1,956","1,734",338,239,-,78.12%,17.28%,70.71%,-,-,9.54%,160,0,,,,,,,,,,,,,,,,,,,,,"£20,548",,-,"£20,548",-,,,-
"Fri, Mar 14, 2025",-,"15,414","2,755","2,073","1,866",334,235,-,75.25%,16.11%,70.36%,-,-,8.53%,160,0,,,,,,,,,,,,,,,,,,,,,"£20,225",,-,"£20,225",-,,,-
"Sat, Mar 15, 2025",-,"17,276","3,239","2,395","2,147",351,258,-,73.94%,14.66%,73.50%,-,-,7.97%,162,0,,,,,,,,,,,,,,,,,,,,,"£20,854",,-,"£20,854",-,,,-
"Sun, Mar 16, 2025",-,"18,046","3,354","2,450","2,201",364,258,-,73.05%,14.86%,70.88%,-,-,7.69%,176,0,,,,,,,,,,,,,,,,,,,,,"£24,017",,-,"£24,017",-,,,-
"Mon, Mar 17, 2025",-,"18,241","3,244","2,439","2,201",362,240,-,75.18%,14.84%,66.30%,-,-,7.40%,195,0,,,,,,,,,,,,,,,,,,,,,"£21,550",,-,"£21,550",-,,,-
"Tue, Mar 18, 2025",-,"18,441","3,381","2,622","2,360",405,276,-,77.55%,15.45%,68.15%,-,-,8.16%,219,0,,,,,,,,,,,,,,,,,,,,,"£20,811",,-,"£20,811",-,,,-
"Wed, Mar 19, 2025",-,"17,781","3,147","2,464","2,199",396,266,-,78.30%,16.07%,67.17%,-,-,8.45%,190,0,,,,,,,,,,,,,,,,,,,,,"£20,313",,-,"£20,313",-,,,-
"Thu, Mar 20, 2025",-,"17,229","3,182","2,589","2,321",471,333,-,81.36%,18.19%,70.70%,-,-,10.47%,249,0,,,,,,,,,,,,,,,,,,,,,"£18,692",,-,"£18,692",-,,,-
"Fri, Mar 21, 2025",-,"16,124","2,694","2,205","1,989",401,269,-,81.85%,18.19%,67.08%,-,-,9.99%,226,0,,,,,,,,,,,,,,,,,,,,,"£18,616",,-,"£18,616",-,,,-
"Sat, Mar 22, 2025",-,"16,620","3,092","2,500","2,277",427,300,-,80.85%,17.08%,70.26%,-,-,9.70%,221,0,,,,,,,,,,,,,,,,,,,,,"£16,244",,-,"£16,244",-,,,-
"Sun, Mar 23, 2025",-,"19,205","3,688","3,014","2,678",538,374,-,81.72%,17.85%,69.52%,-,-,10.14%,269,0,,,,,,,,,,,,,,,,,,,,,"£19,719",,-,"£19,719",-,,,5869.625901
"Mon, Mar 24, 2025",-,"17,658","3,081","2,480","2,211",450,293,-,80.49%,18.15%,65.11%,-,-,9.51%,236,0,,,,,,,,,,,,,,,,,,,,,"£15,342",,-,"£15,342",-,,,5882.537894
"Tue, Mar 25, 2025",-,"17,440","3,082","2,541","2,274",448,294,-,82.45%,17.63%,65.63%,-,-,9.54%,227,0,,,,,,,,,,,,,,,,,,,,,"£15,773",,-,"£15,773",-,,,5796.412774
"Wed, Mar 26, 2025",-,"15,574","2,594","2,063","1,835",417,299,-,79.53%,20.21%,71.70%,-,-,11.53%,206,0,,,,,,,,,,,,,,,,,,,,,"£14,874",,-,"£14,874",-,,,4358.892293
"Thu, Mar 27, 2025",-,"16,396","2,826","2,227","2,005",455,311,-,78.80%,20.43%,68.35%,-,-,11.00%,232,0,,,,,,,,,,,,,,,,,,,,,"£14,199",,-,"£14,199",-,,,4321.458442
"Fri, Mar 28, 2025",-,"15,016","2,449","1,960","1,746",412,289,-,80.03%,21.02%,70.15%,-,-,11.80%,222,0,,,,,,,,,,,,,,,,,,,,,"£13,478",,-,"£13,478",-,,,4307.262629
"Sat, Mar 29, 2025",-,"13,991","2,296","1,860","1,665",365,265,-,81.01%,19.62%,72.60%,-,-,11.54%,211,0,,,,,,,,,,,,,,,,,,,,,"£13,440",,-,"£13,440",-,,,4285.96589
"Sun, Mar 30, 2025",-,"13,836","2,401","1,970","1,730",390,283,-,82.05%,19.80%,72.56%,-,-,11.79%,211,0,,,,,,,,,,,,,,,,,,,,,"£13,079",,-,"£13,079",-,,,4191.221911
"Mon, Mar 31, 2025",-,"17,271","3,044","2,504","2,237",492,335,-,82.26%,19.65%,68.09%,-,-,11.01%,283,0,,,,,,,,,,,,,,,,,,,,,"£12,187",,-,"£12,187",-,,,3918.91008
"Tue, Apr 1, 2025",-,"17,058","2,763","2,267","2,019",418,255,-,82.05%,18.44%,61.00%,-,-,9.23%,230,0,,,,,,,,,,,,,,,,,,,,,"£14,952",,-,"£14,952",-,,,4323.764686
"Wed, Apr 2, 2025",-,"15,848","2,598","2,102","1,854",366,233,-,80.91%,17.41%,63.66%,-,-,8.97%,221,0,,,,,,,,,,,,,,,,,,,,,"£14,889",,-,"£14,889",-,,,4416.632941
"Thu, Apr 3, 2025",-,"15,728","2,636","2,124","1,882",393,252,-,80.58%,18.50%,64.12%,-,-,9.56%,233,1,,,,,,,,,,,,,,,,,,,,,"£15,194",,-,"£15,194",-,,,5606.099813
"Fri, Apr 4, 2025",-,"15,927","2,548","2,058","1,806",392,278,-,80.77%,19.05%,70.92%,-,-,10.91%,213,1,,,,,,,,,,,,,,,,,,,,,"£16,926",,-,"£16,926",-,,,5675.037761
"Sat, Apr 5, 2025",-,"17,835","2,606","2,087","1,853",375,249,-,80.08%,17.97%,66.40%,-,-,9.55%,221,0,,,,,,,,,,,,,,,,,,,,,"£16,256",,-,"£16,256",-,,,5679.928996
"Sun, Apr 6, 2025",-,"19,627","3,242","2,627","2,332",462,328,-,81.03%,17.59%,71.00%,-,-,10.12%,267,1,,,,,,,,,,,,,,,,,,,,,"£18,353",,-,"£18,353",-,,,5715.408407
"Mon, Apr 7, 2025",-,"20,900","3,228","2,586","2,257",476,309,-,80.11%,18.41%,64.92%,-,-,9.57%,270,0,,,,,,,,,,,,,,,,,,,,,"£18,035",,-,"£18,035",-,,,7166.961465
"Tue, Apr 8, 2025",-,"20,597","2,948","2,406","2,158",385,252,-,81.61%,16.00%,65.45%,-,-,8.55%,212,0,,,,,,,,,,,,,,,,,,,,,"£17,592",,-,"£17,592",-,,,7528.125895
"Wed, Apr 9, 2025",-,"19,545","2,800","2,222","1,965",398,274,-,79.36%,17.91%,68.84%,-,-,9.79%,226,0,,,,,,,,,,,,,,,,,,,,,"£16,859",,-,"£16,859",-,,,7492.312343
"Thu, Apr 10, 2025",-,"19,891","2,940","2,321","2,054",395,258,-,78.95%,17.02%,65.32%,-,-,8.78%,228,0,,,,,,,,,,,,,,,,,,,,,"£18,236",,-,"£18,236",-,,,7521.426483
"Fri, Apr 11, 2025",-,"17,761","2,557","1,984","1,752",381,248,-,77.59%,19.20%,65.09%,-,-,9.70%,225,0,,,,,,,,,,,,,,,,,,,,,"£19,226",,-,"£19,226",-,,,7498.636403
"Sat, Apr 12, 2025",-,"19,664","3,233","2,414","2,094",475,311,-,74.67%,19.68%,65.47%,-,-,9.62%,252,0,,,,,,,,,,,,,,,,,,,,,"£20,172",,-,"£20,172",-,,,11117.4392
"Sun, Apr 13, 2025",-,"23,751","3,938","2,822","2,462",454,301,-,71.66%,16.09%,66.30%,-,-,7.64%,249,1,,,,,,,,,,,,,,,,,,,,,"£25,915",,-,"£25,915",-,,,11322.49717
"Mon, Apr 14, 2025",-,"23,729","3,605","2,592","2,268",446,315,-,71.90%,17.21%,70.63%,-,-,8.74%,218,0,,,,,,,,,,,,,,,,,,,,,"£23,132",,-,"£23,132",-,,,11078.86231
"Tue, Apr 15, 2025",-,"24,616","3,993","2,942","2,535",432,278,-,73.68%,14.68%,64.35%,-,-,6.96%,239,0,,,,,,,,,,,,,,,,,,,,,"£23,323",,-,"£23,323",-,,,9468.35194
"Wed, Apr 16, 2025",-,"24,309","4,233","3,169","2,760",572,395,-,74.86%,18.05%,69.06%,-,-,9.33%,349,0,,,,,,,,,,,,,,,,,,,,,"£23,376",,-,"£23,376",-,,,9253.968137
"Thu, Apr 17, 2025",-,"22,913","3,941","2,896","2,502",486,332,-,73.48%,16.78%,68.31%,-,-,8.42%,287,0,,,,,,,,,,,,,,,,,,,,,"£22,707",,-,"£22,707",-,,,9279.947831
"Fri, Apr 18, 2025",-,"23,425","4,134","3,033","2,637",517,346,-,73.37%,17.05%,66.92%,-,-,8.37%,295,0,,,,,,,,,,,,,,,,,,,,,"£20,408",,-,"£20,408",-,,,9202.061467
"Sat, Apr 19, 2025",-,"22,691","4,134","2,989","2,596",541,371,-,72.30%,18.10%,68.58%,-,-,8.97%,308,0,,,,,,,,,,,,,,,,,,,,,"£24,039",,-,"£24,039",-,,,5505.011589
"Sun, Apr 20, 2025",-,"20,361","3,450","2,485","2,142",404,274,-,72.03%,16.26%,67.82%,-,-,7.94%,233,0,,,,,,,,,,,,,,,,,,,,,"£20,989",,-,"£20,989",-,,,4645.499933
"Mon, Apr 21, 2025",-,"22,224","3,689","2,689","2,367",531,381,-,72.89%,19.75%,71.75%,-,-,10.33%,296,0,,,,,,,,,,,,,,,,,,,,,"£17,362",,-,"£17,362",-,,,4696.51214
"Tue, Apr 22, 2025",-,"22,802","3,645","2,767","2,419",536,357,-,75.91%,19.37%,66.60%,-,-,9.79%,299,0,,,,,,,,,,,,,,,,,,,,,"£15,041",,-,"£15,041",-,,,4653.737785
"Wed, Apr 23, 2025",-,"24,589","4,167","3,108","2,458",574,392,-,74.59%,18.47%,68.29%,-,-,9.41%,335,1,,,,,,,,,,,,,,,,,,,,,"£19,413",,-,"£19,413",-,,,7750.005899
"Thu, Apr 24, 2025",-,"24,565","4,251","3,245","2,449",522,350,-,76.33%,16.09%,67.05%,-,-,8.23%,315,7,,,,,,,,,,,,,,,,,,,,,"£19,220",,-,"£19,220",-,,,5587.553865
"Fri, Apr 25, 2025",-,"24,121","3,975","3,151","2,410",488,345,-,79.27%,15.49%,70.70%,-,-,8.68%,312,0,,,,,,,,,,,,,,,,,,,,,"£18,606",,-,"£18,606",-,,,3098.164098
"Sat, Apr 26, 2025",-,"23,135","4,176","3,262","2,475",508,357,-,78.11%,15.57%,70.28%,-,-,8.55%,317,0,,,,,,,,,,,,,,,,,,,,,"£18,101",,-,"£18,101",-,,,3070.648749
"Sun, Apr 27, 2025",-,"21,969","4,119","3,265","2,459",609,433,-,79.27%,18.65%,71.10%,-,-,10.51%,380,0,,,,,,,,,,,,,,,,,,,,,"£15,992",,-,"£15,992",-,,,4493.608666
"Mon, Apr 28, 2025",-,"26,912","4,751","3,657","2,783",604,425,-,76.97%,16.52%,70.36%,-,-,8.95%,370,14,,,,,,,,,,,,,,,,,,,,,"£20,497",,-,"£20,497",-,,,4634.383769
"Tue, Apr 29, 2025",-,"25,836","4,476","3,553","2,688",574,381,-,79.38%,16.16%,66.38%,-,-,8.51%,350,5,,,,,,,,,,,,,,,,,,,,,"£20,508",,-,"£20,508",-,,,4539.937508
"Wed, Apr 30, 2025",-,"24,777","4,334","3,460","2,618",561,389,-,79.83%,16.21%,69.34%,-,-,8.98%,351,5,,,,,,,,,,,,,,,,,,,,,"£18,329",,-,"£18,329",-,,,4338.097629
"Thu, May 1, 2025",-,"23,734","3,807","3,042","2,282",430,316,-,79.91%,14.14%,73.49%,-,-,8.30%,277,2,,,,,,,,,,,,,,,,,,,,,"£18,298",,-,"£18,298",-,,,4499.914966
"Fri, May 2, 2025",-,"24,011","3,987","3,179","2,460",494,354,-,79.73%,15.54%,71.66%,-,-,8.88%,301,0,,,,,,,,,,,,,,,,,,,,,"£17,050",,-,"£17,050",-,,,4575.139503
"Sat, May 3, 2025",-,"22,256","3,899","3,065","2,309",461,326,-,78.61%,15.04%,70.72%,-,-,8.36%,277,0,,,,,,,,,,,,,,,,,,,,,"£17,696",,-,"£17,696",-,,,4574.341475
"Sun, May 4, 2025",-,"21,967","3,810","2,972","2,202",445,303,-,78.01%,14.97%,68.09%,-,-,7.95%,253,0,,,,,,,,,,,,,,,,,,,,,"£19,221",,-,"£19,221",-,,,4612.505549
"Mon, May 5, 2025",-,"22,621","3,902","3,099","2,368",453,312,-,79.42%,14.62%,68.87%,-,-,8.00%,260,1,,,,,,,,,,,,,,,,,,,,,"£18,297",,-,"£18,297",-,,,4598.114966
"Tue, May 6, 2025",-,"20,888","3,173","2,552","1,924",382,260,-,80.43%,14.97%,68.06%,-,-,8.19%,222,6,,,,,,,,,,,,,,,,,,,,,"£17,460",,-,"£17,460",-,,,4686.435955
"Wed, May 7, 2025",-,"20,331","2,958","2,264","1,705",355,251,-,76.54%,15.68%,70.70%,-,-,8.49%,191,12,,,,,,,,,,,,,,,,,,,,,"£17,600",,-,"£17,600",-,,,4582.289401
"Thu, May 8, 2025",-,"19,359","2,859","2,132","1,574",347,250,-,74.57%,16.28%,72.05%,-,-,8.74%,194,5,,,,,,,,,,,,,,,,,,,,,"£18,503",,-,"£18,503",-,,,4619.357214
"Fri, May 9, 2025",-,"19,123","2,797","2,148","1,610",345,236,-,76.80%,16.06%,68.41%,-,-,8.44%,202,6,,,,,,,,,,,,,,,,,,,,,"£22,783",,-,"£22,783",-,,,4561.448593
"Sat, May 10, 2025",-,"20,474","3,187","2,405","1,751",366,265,-,75.46%,15.22%,72.40%,-,-,8.32%,208,6,,,,,,,,,,,,,,,,,,,,,"£26,110",,-,"£26,110",-,,,4423.828755
"Sun, May 11, 2025",-,"23,978","4,444","3,325","2,364",465,342,-,74.82%,13.98%,73.55%,-,-,7.70%,259,0,,,,,,,,,,,,,,,,,,,,,"£28,972",,-,"£28,972",-,,,4586.824028
"Mon, May 12, 2025",-,"31,606","6,346","4,793","3,603",803,548,-,75.53%,16.75%,68.24%,-,-,8.64%,496,8,,,,,,,,,,,,,,,,,,,,,"£27,487",,-,"£27,487",-,,,4574.119809
"Tue, May 13, 2025",-,"26,812","4,929","3,681","2,739",610,423,-,74.68%,16.57%,69.34%,-,-,8.58%,370,5,,,,,,,,,,,,,,,,,,,,,"£25,116",,-,"£25,116",-,,,4520.644113
"Wed, May 14, 2025",-,"26,815","4,905","3,653","2,746",533,343,-,74.48%,14.59%,64.35%,-,-,6.99%,317,6,,,,,,,,,,,,,,,,,,,,,"£24,858",,-,"£24,858",-,,,4495.341247
"Thu, May 15, 2025",-,"23,337","3,798","2,861","2,148",478,314,-,75.33%,16.71%,65.69%,-,-,8.27%,283,1,,,,,,,,,,,,,,,,,,,,,"£20,068",,-,"£20,068",-,,,4436.584649
"Fri, May 16, 2025",-,"20,644","3,266","2,407","1,814",408,270,-,73.70%,16.95%,66.18%,-,-,8.27%,236,1,,,,,,,,,,,,,,,,,,,,,"£17,922",,-,"£17,922",-,,,4534.321858
"Sat, May 17, 2025",-,"20,321","3,546","2,669","1,959",377,262,-,75.27%,14.13%,69.50%,-,-,7.39%,220,0,,,,,,,,,,,,,,,,,,,,,"£17,952",,-,"£17,952",-,,,4381.721726
"Sun, May 18, 2025",-,"15,397","1,694","1,173",904,168,136,-,69.24%,14.32%,80.95%,-,-,8.03%,90,0,,,,,,,,,,,,,,,,,,,,,"£20,795",,-,"£20,795",-,,,17.858294
"Mon, May 19, 2025",-,"20,834","3,306","2,563","1,866",412,286,-,77.53%,16.07%,69.42%,-,-,8.65%,240,0,,,,,,,,,,,,,,,,,,,,,"£17,670",,-,"£17,670",-,,,8687.483537
"Tue, May 20, 2025",-,"19,861","2,905","2,292","1,716",373,265,-,78.90%,16.27%,71.05%,-,-,9.12%,231,4,,,,,,,,,,,,,,,,,,,,,"£13,166",,-,"£13,166",-,,,4937.36954
"Wed, May 21, 2025",-,"20,504","3,507","2,739","1,886",467,332,-,78.10%,17.05%,71.09%,-,-,9.47%,277,2,,,,,,,,,,,,,,,,,,,,,"£17,810",,-,"£17,810",-,,,4803.338536
"Thu, May 22, 2025",-,"18,673","2,690","2,102","1,556",352,256,-,78.14%,16.75%,72.73%,-,-,9.52%,201,2,,,,,,,,,,,,,,,,,,,,,"£15,026",,-,"£15,026",-,,,4719.490955
"Fri, May 23, 2025",-,"19,168","2,929","2,127","1,578",318,222,-,72.62%,14.95%,69.81%,-,-,7.58%,201,4,,,,,,,,,,,,,,,,,,,,,"£14,025",,-,"£14,025",-,,,4636.869184
"Sat, May 24, 2025",-,"23,880","4,350","3,075","2,143",409,291,-,70.69%,13.30%,71.15%,-,-,6.69%,252,2,,,,,,,,,,,,,,,,,,,,,"£43,649",,-,"£43,649",-,,,4535.492697
"Sun, May 25, 2025",-,"22,434","4,170","2,999","2,166",420,297,-,71.92%,14.00%,70.71%,-,-,7.12%,229,0,,,,,,,,,,,,,,,,,,,,,"£35,078",,-,"£35,078",-,,,4456.142841
"Mon, May 26, 2025",-,"21,944","3,613","2,607","1,837",366,259,-,72.16%,14.04%,70.77%,-,-,7.17%,199,0,,,,,,,,,,,,,,,,,,,,,"£30,874",,-,"£30,874",-,,,4343.232603
"Tue, May 27, 2025",-,"23,999","3,723","2,776","2,139",329,223,-,74.56%,11.85%,67.78%,-,-,5.99%,188,1,,,,,,,,,,,,,,,,,,,,,"£27,890",,-,"£27,890",-,,,3700.543797
"Wed, May 28, 2025",-,"22,159","3,099","2,273","1,819",276,202,-,73.35%,12.14%,73.19%,-,-,6.52%,146,0,,,,,,,,,,,,,,,,,,,,,"£28,816",,-,"£28,816",-,,,3713.315931
"Thu, May 29, 2025",-,"21,827","3,222","2,327","1,867",310,210,-,72.22%,13.32%,67.74%,-,-,6.52%,168,1,,,,,,,,,,,,,,,,,,,,,"£30,182",,-,"£30,182",-,,,3715.970719
"Fri, May 30, 2025",-,"20,544","2,790","2,027","1,630",308,218,-,72.65%,15.19%,70.78%,-,-,7.81%,160,1,,,,,,,,,,,,,,,,,,,,,"£25,150",,-,"£25,150",-,,,3744.508546
"Sat, May 31, 2025",-,"20,405","3,158","2,208","1,773",289,204,-,69.92%,13.09%,70.59%,-,-,6.46%,181,0,,,,,,,,,,,,,,,,,,,,,"£28,585",,-,"£28,585",-,,,3605.734088
"Sun, Jun 1, 2025",-,"21,612","3,492","2,464","1,926",304,215,-,70.56%,12.34%,70.72%,-,-,6.16%,181,0,,,,,,,,,,,,,,,,,,,,,"£31,242",,-,"£31,242",-,,,4781.675134
"Mon, Jun 2, 2025",-,"23,288","3,501","2,577","2,179",303,210,-,73.61%,11.76%,69.31%,-,-,6.00%,163,0,,,,,,,,,,,,,,,,,,,,,"£23,736",,-,"£23,736",-,,,8139.173672
"Tue, Jun 3, 2025",-,"21,275","2,785","2,031","1,723",311,209,-,72.93%,15.31%,67.20%,-,-,7.50%,178,1,,,,,,,,,,,,,,,,,,,,,"£17,694",,-,"£17,694",-,,,8656.989829
"Wed, Jun 4, 2025",-,"20,325","2,669","1,932","1,644",296,195,-,72.39%,15.32%,65.88%,-,-,7.31%,171,2,,,,,,,,,,,,,,,,,,,,,"£17,463",,-,"£17,463",-,,,8290.214328
"Thu, Jun 5, 2025",-,"20,732","2,956","2,148","1,823",298,203,-,72.67%,13.87%,68.12%,-,-,6.87%,149,3,,,,,,,,,,,,,,,,,,,,,"£17,558",,-,"£17,558",-,,,8026.506578
"Fri, Jun 6, 2025",-,"18,915","2,596","1,897","1,624",288,189,-,73.07%,15.18%,65.63%,-,-,7.28%,157,5,,,,,,,,,,,,,,,,,,,,,"£17,369",,-,"£17,369",-,,,8330.537785
"Sat, Jun 7, 2025",-,"18,659","2,828","2,033","1,739",308,224,-,71.89%,15.15%,72.73%,-,-,7.92%,191,0,,,,,,,,,,,,,,,,,,,,,"£16,891",,-,"£16,891",-,,,8317.085476
"Sun, Jun 8, 2025",-,"19,973","3,231","2,330","1,984",346,234,-,72.11%,14.85%,67.63%,-,-,7.24%,197,0,,,,,,,,,,,,,,,,,,,,,"£18,113",,-,"£18,113",-,,,8299.43505
"Mon, Jun 9, 2025",-,"20,750","2,848","2,060","1,746",354,259,-,72.33%,17.18%,73.16%,-,-,9.09%,213,5,,,,,,,,,,,,,,,,,,,,,"£19,627",,-,"£19,627",-,,,6526.334798
"Tue, Jun 10, 2025",-,"20,717","2,684","1,978","1,692",369,274,-,73.70%,18.66%,74.25%,-,-,10.21%,211,0,,,,,,,,,,,,,,,,,,,,,"£17,735",,-,"£17,735",-,,,6698.534125
"Wed, Jun 11, 2025",-,"21,920","3,491","2,675","2,267",494,342,-,76.63%,18.47%,69.23%,-,-,9.80%,317,1,,,,,,,,,,,,,,,,,,,,,"£16,967",,-,"£16,967",-,,,6549.572679
"Thu, Jun 12, 2025",-,"22,276","3,563","2,804","2,335",549,375,-,78.70%,19.58%,68.31%,-,-,10.52%,355,1,,,,,,,,,,,,,,,,,,,,,"£16,500",,-,"£16,500",-,,,6653.331389
"Fri, Jun 13, 2025",-,"22,183","3,655","2,834","2,121",494,335,-,77.54%,17.43%,67.81%,-,-,9.17%,315,6,,,,,,,,,,,,,,,,,,,,,"£15,722",,-,"£15,722",-,,,5037.556928
"Sat, Jun 14, 2025",-,"22,547","4,034","3,067","2,174",471,345,-,76.03%,15.36%,73.25%,-,-,8.55%,302,0,,,,,,,,,,,,,,,,,,,,,"£15,606",,-,"£15,606",-,,,5225.596658
"Sun, Jun 15, 2025",-,"24,221","4,535","3,482","2,461",540,381,-,76.78%,15.51%,70.56%,-,-,8.40%,334,0,,,,,,,,,,,,,,,,,,,,,"£17,421",,-,"£17,421",-,,,5166.787655
"Mon, Jun 16, 2025",-,"26,284","4,411","3,412","2,475",541,387,-,77.35%,15.86%,71.53%,-,-,8.77%,351,6,,,,,,,,,,,,,,,,,,,,,"£17,135",,-,"£17,135",-,,,5195.956206
"Tue, Jun 17, 2025",-,"26,491","4,267","3,257","2,569",570,384,-,76.33%,17.50%,67.37%,-,-,9.00%,362,38,,,,,,,,,,,,,,,,,,,,,"£16,658",,-,"£16,658",-,,,5171.936497
"Wed, Jun 18, 2025",-,"23,404","3,523","2,736","2,324",504,340,-,77.66%,18.42%,67.46%,-,-,9.65%,336,37,,,,,,,,,,,,,,,,,,,,,"£16,030",,-,"£16,030",-,,,3986.319489
"Thu, Jun 19, 2025",-,"22,688","3,413","2,647","2,041",482,344,-,77.56%,18.21%,71.37%,-,-,10.08%,312,41,,,,,,,,,,,,,,,,,,,,,"£15,496",,-,"£15,496",-,,,4171.074722
"Fri, Jun 20, 2025",-,"19,736","3,091","2,412","1,788",393,290,-,78.03%,16.29%,73.79%,-,-,9.38%,243,27,,,,,,,,,,,,,,,,,,,,,"£17,428",,-,"£17,428",-,,,3519.711685
"Sat, Jun 21, 2025",-,"20,746","3,705","2,823","1,973",445,336,-,76.19%,15.76%,75.51%,-,-,9.07%,283,2,,,,,,,,,,,,,,,,,,,,,"£17,983",,-,"£17,983",-,,,3612.098267
"Sun, Jun 22, 2025",-,"22,289","4,016","3,141","2,214",508,382,-,78.21%,16.17%,75.20%,-,-,9.51%,292,0,,,,,,,,,,,,,,,,,,,,,"£19,435",,-,"£19,435",-,,,3637.658281
"Mon, Jun 23, 2025",-,"25,587","4,486","3,460","2,424",532,373,-,77.13%,15.38%,70.11%,-,-,8.31%,342,88,,,,,,,,,,,,,,,,,,,,,"£18,903",,-,"£18,903",-,,,3610.20985
"Tue, Jun 24, 2025",-,"21,020","3,418","2,668","1,923",414,293,-,78.06%,15.52%,70.77%,-,-,8.57%,262,78,,,,,,,,,,,,,,,,,,,,,"£17,992",,-,"£17,992",-,,,5578.385675
"Wed, Jun 25, 2025",-,"19,145","2,963","2,267","1,621",339,243,-,76.51%,14.95%,71.68%,-,-,8.20%,226,72,,,,,,,,,,,,,,,,,,,,,"£17,835",,-,"£17,835",-,,,5639.211467
"Thu, Jun 26, 2025",-,"20,143","2,973","2,335","1,698",293,203,-,78.54%,12.55%,69.28%,-,-,6.83%,186,57,,,,,,,,,,,,,,,,,,,,,"£18,266",,-,"£18,266",-,,,5007.783184
"Fri, Jun 27, 2025",-,"17,215","2,413","1,893","1,349",272,198,-,78.45%,14.37%,72.79%,-,-,8.21%,184,55,,,,,,,,,,,,,,,,,,,,,"£18,179",,-,"£18,179",-,,,4471.812094
"Sat, Jun 28, 2025",-,"16,074","2,349","1,808","1,322",291,214,-,76.97%,16.10%,73.54%,-,-,9.11%,193,53,,,,,,,,,,,,,,,,,,,,,"£19,086",,-,"£19,086",-,,,5895.489709
"Sun, Jun 29, 2025",-,"18,604","2,913","2,335","1,678",295,218,-,80.16%,12.63%,73.90%,-,-,7.48%,186,20,,,,,,,,,,,,,,,,,,,,,"£20,217",,-,"£20,217",-,,,6472.094711
"Mon, Jun 30, 2025",-,"20,393","3,110","2,540","1,897",395,303,-,81.67%,15.55%,76.71%,-,-,9.74%,275,70,,,,,,,,,,,,,,,,,,,,,"£19,595",,-,"£19,595",-,,,5054.30562
"Tue, Jul 1, 2025",-,"19,904","3,082","2,535","1,878",335,235,-,82.25%,13.21%,70.15%,-,-,7.62%,224,57,,,,,,,,,,,,,,,,,,,,,"£19,729",,-,"£19,729",-,,,5840.790872
"Wed, Jul 2, 2025",-,"20,261","3,002","2,525","1,881",363,249,-,84.11%,14.38%,68.60%,-,-,8.29%,233,47,,,,,,,,,,,,,,,,,,,,,"£18,972",,-,"£18,972",-,,,4007.95435
"Thu, Jul 3, 2025",-,"18,261","2,647","2,159","1,560",330,253,-,81.56%,15.28%,76.67%,-,-,9.56%,208,61,,,,,,,,,,,,,,,,,,,,,"£18,806",,-,"£18,806",-,,,3550.023469
"Fri, Jul 4, 2025",-,"16,848","2,394","1,956","1,431",277,203,-,81.70%,14.16%,73.29%,-,-,8.48%,167,53,,,,,,,,,,,,,,,,,,,,,"£21,968",,-,"£21,968",-,,,3574.792033
"Sat, Jul 5, 2025",-,"15,606","2,362","1,884","1,312",286,214,-,79.76%,15.18%,74.83%,-,-,9.06%,185,65,,,,,,,,,,,,,,,,,,,,,"£21,870",,-,"£21,870",-,,,3572.685654
"Sun, Jul 6, 2025",-,"16,538","2,560","2,102","1,518",333,237,-,82.11%,15.84%,71.17%,-,-,9.26%,217,62,,,,,,,,,,,,,,,,,,,,,"£23,545",,-,"£23,545",-,,,3562.8686
"Mon, Jul 7, 2025",-,"16,447","2,304","1,871","1,357",282,220,-,81.21%,15.07%,78.01%,-,-,9.55%,184,69,,,,,,,,,,,,,,,,,,,,,"£21,982",,-,"£21,982",-,,,3550.814909
"Tue, Jul 8, 2025",-,"16,741","2,705","2,212","1,676",378,276,-,81.77%,17.09%,73.02%,-,-,10.20%,248,63,,,,,,,,,,,,,,,,,,,,,"£21,283",,-,"£21,283",-,,,3551.612147
"Wed, Jul 9, 2025",-,"17,325","2,524","2,067","1,523",317,215,-,81.89%,15.34%,67.82%,-,-,8.52%,193,50,,,,,,,,,,,,,,,,,,,,,"£20,477",,-,"£20,477",-,,,3546.033443
"Thu, Jul 10, 2025",-,"16,171","3,041","2,551","1,868",401,302,-,83.89%,15.72%,75.31%,-,-,9.93%,239,79,,,,,,,,,,,,,,,,,,,,,"£17,942",,-,"£17,942",-,,,3534.676692
"Fri, Jul 11, 2025",-,"14,107","2,418","1,992","1,485",335,248,-,82.38%,16.82%,74.03%,-,-,10.26%,231,90,,,,,,,,,,,,,,,,,,,,,"£19,750",,-,"£19,750",-,,,3526.278937
"Sat, Jul 12, 2025",-,"12,700","2,184","1,747","1,274",258,198,-,79.99%,14.77%,76.74%,-,-,9.07%,157,76,,,,,,,,,,,,,,,,,,,,,"£19,978",,-,"£19,978",-,,,3519.102856
"Sun, Jul 13, 2025",-,"17,763","3,012","2,492","1,821",387,295,-,82.74%,15.53%,76.23%,-,-,9.79%,250,79,,,,,,,,,,,,,,,,,,,,,"£21,517",,-,"£21,517",-,,,3507.628771
"Mon, Jul 14, 2025",-,"20,164","3,412","2,790","2,105",388,279,-,81.77%,13.91%,71.91%,-,-,8.18%,240,69,,,,,,,,,,,,,,,,,,,,,"£25,080",,-,"£25,080",-,,,3497.54113
"Tue, Jul 15, 2025",-,"21,816","3,991","3,266","2,410",435,294,-,81.83%,13.32%,67.59%,-,-,7.37%,277,60,,,,,,,,,,,,,,,,,,,,,"£30,496",,-,"£30,496",-,,,4486.722369
"Wed, Jul 16, 2025",-,"19,994","3,506","2,890","2,197",419,310,-,82.43%,14.50%,73.99%,-,-,8.84%,246,76,,,,,,,,,,,,,,,,,,,,,"£22,428",,-,"£22,428",-,,,4700.762084
"Thu, Jul 17, 2025",-,"19,028","3,305","2,730","2,056",410,307,-,82.60%,15.02%,74.88%,-,-,9.29%,271,110,,,,,,,,,,,,,,,,,,,,,"£19,783",,-,"£19,783",-,,,2934.083392
"Fri, Jul 18, 2025",-,"15,518","2,315","1,802","1,397",297,209,-,77.84%,16.48%,70.37%,-,-,9.03%,168,58,,,,,,,,,,,,,,,,,,,,,"£13,678",,-,"£13,678",-,,,750.2368
"Sat, Jul 19, 2025",-,"15,113","2,272","1,648","1,245",255,187,-,72.54%,15.47%,73.33%,-,-,8.23%,140,52,,,,,,,,,,,,,,,,,,,,,"£6,314",,-,"£6,314",-,,,0
"Sun, Jul 20, 2025",-,"16,440","2,508","1,802","1,387",299,223,-,71.85%,16.59%,74.58%,-,-,8.89%,172,57,,,,,,,,,,,,,,,,,,,,,"£7,442",,-,"£7,442",-,,,0
"Mon, Jul 21, 2025",-,"15,874","2,010","1,604","1,395",254,180,-,79.80%,15.84%,70.87%,-,-,8.96%,142,45,,,,,,,,,,,,,,,,,,,,,"£6,668",,-,"£6,668",-,,,0
"Tue, Jul 22, 2025",-,"14,402","1,570","1,489","1,473",196,126,-,94.84%,13.16%,64.29%,-,-,8.03%,114,29,,,,,,,,,,,,,,,,,,,,,"£6,273",,-,"£6,273",-,,,0
"Wed, Jul 23, 2025",-,"13,510","1,309","1,255","1,243",170,108,-,95.87%,13.55%,63.53%,-,-,8.25%,94,23,,,,,,,,,,,,,,,,,,,,,"£3,885",,-,"£3,885",-,,,0
"Thu, Jul 24, 2025",-,"12,467","1,004",965,958,138,88,-,96.12%,14.30%,63.77%,-,-,8.76%,69,12,,,,,,,,,,,,,,,,,,,,,£0,,-,£0,-,,,0
"Fri, Jul 25, 2025",-,"11,992","1,039",998,981,162,96,-,96.05%,16.23%,59.26%,-,-,9.24%,92,29,,,,,,,,,,,,,,,,,,,,,£0,,-,£0,-,,,0
"Sat, Jul 26, 2025",-,"11,100","1,015",984,973,179,116,-,96.95%,18.19%,64.80%,-,-,11.43%,100,37,,,,,,,,,,,,,,,,,,,,,£0,,-,£0,-,,,0
"Sun, Jul 27, 2025",-,"11,411","1,035","1,000",995,188,120,-,96.62%,18.80%,63.83%,-,-,11.59%,102,37,,,,,,,,,,,,,,,,,,,,,£0,,-,£0,-,,,0
"Mon, Jul 28, 2025",-,"12,858","1,105","1,062","1,051",202,129,-,96.11%,19.02%,63.86%,-,-,11.67%,112,45,,,,,,,,,,,,,,,,,,,,,£0,,-,£0,-,,,0
"Tue, Jul 29, 2025",-,"13,718","1,176","1,113","1,100",245,149,-,94.64%,22.01%,60.82%,-,-,12.67%,154,43,,,,,,,,,,,,,,,,,,,,,"£1,509",,-,"£1,509",-,,,0
"Wed, Jul 30, 2025",-,"13,271","1,013",961,944,186,99,-,94.87%,19.35%,53.23%,-,-,9.77%,125,34,,,,,,,,,,,,,,,,,,,,,"£1,421",,-,"£1,421",-,,,0
"Thu, Jul 31, 2025",-,"16,489","1,905","1,790","1,762",269,163,-,93.96%,15.03%,60.59%,-,-,8.56%,158,48,,,,,,,,,,,,,,,,,,,,,"£5,915",,-,"£5,915",-,,,2500.368344
"Fri, Aug 1, 2025",-,"17,502","2,205","2,050","2,027",241,141,-,92.97%,11.76%,58.51%,-,-,6.39%,126,39,,,,,,,,,,,,,,,,,,,,,"£20,077",,-,"£20,077",-,,,2443.655153
"Sat, Aug 2, 2025",-,"17,372","2,294","2,109","2,089",262,146,-,91.94%,12.42%,55.73%,-,-,6.36%,155,46,,,,,,,,,,,,,,,,,,,,,"£21,222",,-,"£21,222",-,,,2562.765077
"Sun, Aug 3, 2025",-,"18,109","2,398","2,237","2,210",291,169,-,93.29%,13.01%,58.08%,-,-,7.05%,161,34,,,,,,,,,,,,,,,,,,,,,"£6,971",,-,"£6,971",-,,,2566.183878
"Mon, Aug 4, 2025",-,"18,637","2,570","2,398","2,372",270,158,-,93.31%,11.26%,58.52%,-,-,6.15%,166,51,,,,,,,,,,,,,,,,,,,,,"£18,802",,-,"£18,802",-,,,2562.45703
"Tue, Aug 5, 2025",-,"19,022","2,926","2,763","2,731",335,191,-,94.43%,12.12%,57.01%,-,-,6.53%,190,34,,,,,,,,,,,,,,,,,,,,,"£19,256",,-,"£19,256",-,,,2554.631256
"Wed, Aug 6, 2025",-,"18,911","2,825","2,641","2,610",303,164,-,93.49%,11.47%,54.13%,-,-,5.81%,158,24,,,,,,,,,,,,,,,,,,,,,"£21,700",,-,"£21,700",-,,,2553.567568
"Thu, Aug 7, 2025",-,"19,523","2,772","2,603","2,560",317,163,-,93.90%,12.18%,51.42%,-,-,5.88%,181,8,,,,,,,,,,,,,,,,,,,,,"£21,366",,-,"£21,366",-,,,2544.839304
"Fri, Aug 8, 2025",-,"19,187","2,674","2,519","2,496",313,159,-,94.20%,12.43%,50.80%,-,-,5.95%,159,1,,,,,,,,,,,,,,,,,,,,,"£19,715",,-,"£19,715",-,,,2542.863388
"Sat, Aug 9, 2025",-,"18,750","2,779","2,627","2,594",334,183,-,94.53%,12.71%,54.79%,-,-,6.59%,188,0,,,,,,,,,,,,,,,,,,,,,"£19,983",,-,"£19,983",-,,,2533.592484
"Sun, Aug 10, 2025",-,"20,862","3,404","3,218","3,191",394,197,-,94.54%,12.24%,50.00%,-,-,5.79%,211,1,,,,,,,,,,,,,,,,,,,,,"£21,715",,-,"£21,715",-,,,2532.026982
"Mon, Aug 11, 2025",-,"21,884","3,568","3,369","3,342",392,235,-,94.42%,11.64%,59.95%,-,-,6.59%,214,36,,,,,,,,,,,,,,,,,,,,,"£21,253",,-,"£21,253",-,,,2524.39844
"Tue, Aug 12, 2025",-,"20,303","3,226","3,063","3,029",349,198,-,94.95%,11.39%,56.73%,-,-,6.14%,195,34,,,,,,,,,,,,,,,,,,,,,"£22,047",,-,"£22,047",-,,,1997.194663
"Wed, Aug 13, 2025",-,"20,260","3,140","3,002","2,971",368,200,-,95.61%,12.26%,54.35%,-,-,6.37%,204,21,,,,,,,,,,,,,,,,,,,,,"£18,725",,-,"£18,725",-,,,2090.620903
"Thu, Aug 14, 2025",-,"28,791","4,820","4,622","4,586",496,305,-,95.89%,10.73%,61.49%,-,-,6.33%,234,24,,,,,,,,,,,,,,,,,,,,,"£21,428",,-,"£21,428",-,,,2091.190795
"Fri, Aug 15, 2025",-,"37,530","6,040","5,756","5,710",642,416,-,95.30%,11.15%,64.80%,-,-,6.89%,333,0,,,,,,,,,,,,,,,,,,,,,"£27,211",,-,"£27,211",-,,,2086.103218
"Sat, Aug 16, 2025",-,"32,269","4,219","3,945","3,916",513,327,-,93.51%,13.00%,63.74%,-,-,7.75%,260,0,,,,,,,,,,,,,,,,,,,,,"£22,090",,-,"£22,090",-,,,2082.953531
"Sun, Aug 17, 2025",-,"35,433","5,180","4,318","4,275",684,452,-,83.36%,15.84%,66.08%,-,-,8.73%,325,6,,,,,,,,,,,,,,,,,,,,,"£27,950",,-,"£27,950",-,,,2109.410281
"Mon, Aug 18, 2025",-,"37,769","5,220","4,349","4,293",756,484,-,83.31%,17.38%,64.02%,-,-,9.27%,389,82,,,,,,,,,,,,,,,,,,,,,"£26,696",,-,"£26,696",-,,,2069.73856
"Tue, Aug 19, 2025",-,"37,995","5,434","4,444","4,405",739,467,-,81.78%,16.63%,63.19%,-,-,8.59%,360,77,,,,,,,,,,,,,,,,,,,,,"£33,788",,-,"£33,788",-,,,2614.840362
"Wed, Aug 20, 2025",-,"35,515","5,271","4,367","4,318",713,450,-,82.85%,16.33%,63.11%,-,-,8.54%,380,63,,,,,,,,,,,,,,,,,,,,,"£33,089",,-,"£33,089",-,,,2715.673389
"Thu, Aug 21, 2025",-,"37,867","7,123","5,977","5,935","1,142",795,-,83.91%,19.11%,69.61%,-,-,11.16%,609,115,,,,,,,,,,,,,,,,,,,,,"£35,956",,-,"£35,956",-,,,2717.880955
"Fri, Aug 22, 2025",-,"48,103","8,614","7,850","7,794","1,357",975,-,91.13%,17.29%,71.85%,-,-,11.32%,758,71,,,,,,,,,,,,,,,,,,,,,"£46,949",,-,"£46,949",-,,,2686.730504
"Sat, Aug 23, 2025",-,"50,751","9,146","8,698","8,642","1,266",833,-,95.10%,14.56%,65.80%,-,-,9.11%,708,0,,,,,,,,,,,,,,,,,,,,,"£50,616",,-,"£50,616",-,,,3001.104435
"Sun, Aug 24, 2025",-,"51,412","9,469","8,963","8,899","1,254",846,-,94.66%,13.99%,67.46%,-,-,8.93%,689,1,,,,,,,,,,,,,,,,,,,,,"£62,367",,-,"£62,367",-,,,3128.06225
"Mon, Aug 25, 2025",-,"54,352","9,668","9,117","9,025","1,304",861,-,94.30%,14.30%,66.03%,-,-,8.91%,751,1,,,,,,,,,,,,,,,,,,,,,"£60,791",,-,"£60,791",-,,,3109.015178
"Tue, Aug 26, 2025",-,"51,987","9,135","8,642","8,592","1,331",894,-,94.60%,15.40%,67.17%,-,-,9.79%,802,0,,,,,,,,,,,,,,,,,,,,,"£58,289",,-,"£58,289",-,,,3079.96817
"Wed, Aug 27, 2025",-,"45,510","7,900","7,503","7,450","1,197",840,-,94.97%,15.95%,70.18%,-,-,10.63%,808,1,,,,,,,,,,,,,,,,,,,,,"£41,184",,-,"£41,184",-,,,1503.210496
"Thu, Aug 28, 2025",-,"46,252","7,064","6,564","6,462","1,153",698,-,92.92%,17.57%,60.54%,-,-,9.88%,793,1,,,,,,,,,,,,,,,,,,,,,"£24,466",,-,"£24,466",-,,,1041.500411
"Fri, Aug 29, 2025",-,"35,567","4,311","3,873","3,788",755,481,-,89.84%,19.49%,63.71%,-,-,11.16%,504,0,,,,,,,,,,,,,,,,,,,,,"£20,270",,-,"£20,270",-,,,1020.740973
"Sat, Aug 30, 2025",-,"32,757","4,406","3,985","3,883",703,436,-,90.44%,17.64%,62.02%,-,-,9.90%,456,0,,,,,,,,,,,,,,,,,,,,,"£18,210",,-,"£18,210",-,,,995.226346
"Sun, Aug 31, 2025",-,"32,870","4,393","3,933","3,831",713,445,-,89.53%,18.13%,62.41%,-,-,10.13%,426,0,,,,,,,,,,,,,,,,,,,,,"£20,958",,-,"£20,958",-,,,945.471499
"Mon, Sep 1, 2025",-,"40,715","5,408","4,854","4,479",624,406,-,89.76%,12.86%,65.06%,-,-,7.51%,362,1,,,,,,,,,,,,,,,,,,,,,"£19,185",,-,"£19,185",-,,,1158.131779
"Tue, Sep 2, 2025",-,"40,333","5,473","4,892","4,298",694,471,-,89.38%,14.19%,67.87%,-,-,8.61%,361,0,,,,,,,,,,,,,,,,,,,,,"£34,297",,-,"£34,297",-,,,1102.415942
"Wed, Sep 3, 2025",-,"38,453","5,235","4,700","4,157",689,458,-,89.78%,14.66%,66.47%,-,-,8.75%,366,0,,,,,,,,,,,,,,,,,,,,,"£38,649",,-,"£38,649",-,,,1080.518313
"Thu, Sep 4, 2025",-,"35,043","4,580","4,092","3,536",623,423,-,89.34%,15.22%,67.90%,-,-,9.24%,351,1,,,,,,,,,,,,,,,,,,,,,"£40,152",,-,"£40,152",-,,,1037.55696
"Fri, Sep 5, 2025",-,"35,192","4,757","4,288","3,774",625,420,-,90.14%,14.58%,67.20%,-,-,8.83%,379,29,,,,,,,,,,,,,,,,,,,,,"£43,399",,-,"£43,399",-,,,1005.136587
"Sat, Sep 6, 2025",-,"34,546","4,981","4,494","3,822",607,412,-,90.22%,13.51%,67.87%,-,-,8.27%,352,58,,,,,,,,,,,,,,,,,,,,,"£40,642",,-,"£40,642",-,,,1137.901669
"Sun, Sep 7, 2025",-,"36,633","5,904","5,336","4,521",722,502,-,90.38%,13.53%,69.53%,-,-,8.50%,408,53,,,,,,,,,,,,,,,,,,,,,"£47,163",,-,"£47,163",-,,,1056.470067
"Mon, Sep 8, 2025",-,"35,902","5,388","4,825","4,149",706,504,-,89.55%,14.63%,71.39%,-,-,9.35%,400,85,,,,,,,,,,,,,,,,,,,,,"£43,310",,-,"£43,310",-,,,1071.31791
"Tue, Sep 9, 2025",-,"35,869","5,352","4,846","4,323",670,474,-,90.55%,13.83%,70.75%,-,-,8.86%,348,74,,,,,,,,,,,,,,,,,,,,,"£41,690",,-,"£41,690",-,,,1033.715006
"Wed, Sep 10, 2025",-,"30,835","4,729","4,316","3,993",615,400,-,91.27%,14.25%,65.04%,-,-,8.46%,328,80,,,,,,,,,,,,,,,,,,,,,"£38,871",,-,"£38,871",-,,,1053.312137
"Thu, Sep 11, 2025",-,"27,588","4,119","3,752","3,421",608,426,-,91.09%,16.20%,70.07%,-,-,10.34%,354,100,,,,,,,,,,,,,,,,,,,,,"£40,110",,-,"£40,110",-,,,1028.51019
"Fri, Sep 12, 2025",-,"25,720","3,682","3,300","2,967",505,347,-,89.63%,15.30%,68.71%,-,-,9.42%,318,67,,,,,,,,,,,,,,,,,,,,,"£38,110",,-,"£38,110",-,,,1000.61434
"Sat, Sep 13, 2025",-,"24,697","3,523","3,147","2,808",455,323,-,89.33%,14.46%,70.99%,-,-,9.17%,272,83,,,,,,,,,,,,,,,,,,,,,"£39,436",,-,"£39,436",-,,,999.41595
"Sun, Sep 14, 2025",-,"26,124","3,979","3,589","3,162",502,386,-,90.20%,13.99%,76.89%,-,-,9.70%,298,73,,,,,,,,,,,,,,,,,,,,,"£42,252",,-,"£42,252",-,,,999.27254
"Mon, Sep 15, 2025",-,"27,070","4,160","3,724","3,327",603,426,-,89.52%,16.19%,70.65%,-,-,10.24%,370,70,,,,,,,,,,,,,,,,,,,,,"£40,355",,-,"£40,355",-,,,988.402537
"Tue, Sep 16, 2025",-,"26,808","4,033","3,617","3,205",575,404,-,89.69%,15.90%,70.26%,-,-,10.02%,324,88,,,,,,,,,,,,,,,,,,,,,"£46,689",,-,"£46,689",-,,,1002.153381
"Wed, Sep 17, 2025",-,"25,185","3,524","3,171","2,766",455,316,-,89.98%,14.35%,69.45%,-,-,8.97%,274,67,,,,,,,,,,,,,,,,,,,,,"£46,873",,-,"£46,873",-,,,998.301129
"Thu, Sep 18, 2025",-,"28,868","3,610","3,220","2,803",490,354,-,89.20%,15.22%,72.24%,-,-,9.81%,303,104,,,,,,,,,,,,,,,,,,,,,"£46,435",,-,"£46,435",-,,,2108.774664
"Fri, Sep 19, 2025",-,"25,785","3,807","3,357","2,837",507,365,-,88.18%,15.10%,71.99%,-,-,9.59%,293,84,,,,,,,,,,,,,,,,,,,,,"£48,990",,-,"£48,990",-,,,1991.585619
"Sat, Sep 20, 2025",-,"25,553","4,103","3,642","3,048",517,362,-,88.76%,14.20%,70.02%,-,-,8.82%,293,79,,,,,,,,,,,,,,,,,,,,,"£48,620",,-,"£48,620",-,,,2094.601564
"Sun, Sep 21, 2025",-,"26,991","4,521","4,066","3,394",563,408,-,89.94%,13.85%,72.47%,-,-,9.02%,338,101,,,,,,,,,,,,,,,,,,,,,"£52,536",,-,"£52,536",-,,,2122.685378
"Mon, Sep 22, 2025",-,"27,228","4,243","3,814","3,263",652,457,-,89.89%,17.09%,70.09%,-,-,10.77%,387,117,,,,,,,,,,,,,,,,,,,,,"£50,293",,-,"£50,293",-,,,1902.726512
"Tue, Sep 23, 2025",-,"26,254","4,178","3,854","3,333",624,428,-,92.25%,16.19%,68.59%,-,-,10.24%,368,94,,,,,,,,,,,,,,,,,,,,,"£46,703",,-,"£46,703",-,,,2160.866244
"Wed, Sep 24, 2025",-,"25,956","4,041","3,739","3,422",648,457,-,92.53%,17.33%,70.52%,-,-,11.31%,392,93,,,,,,,,,,,,,,,,,,,,,"£39,246",,-,"£39,246",-,,,1993.612083
"Thu, Sep 25, 2025",-,"25,219","3,974","3,693","3,287",633,419,-,92.93%,17.14%,66.19%,-,-,10.54%,376,104,,,,,,,,,,,,,,,,,,,,,"£37,199",,-,"£37,199",-,,,2014.566754
"Fri, Sep 26, 2025",-,"23,160","3,279","2,978","2,590",510,352,-,90.82%,17.13%,69.02%,-,-,10.73%,354,74,,,,,,,,,,,,,,,,,,,,,"£34,002",,-,"£34,002",-,,,1998.406609
"Sat, Sep 27, 2025",-,"24,185","3,920","3,588","3,014",598,434,-,91.53%,16.67%,72.58%,-,-,11.07%,408,84,,,,,,,,,,,,,,,,,,,,,"£32,906",,-,"£32,906",-,,,1972.84297
"Sun, Sep 28, 2025",-,"26,128","4,728","4,359","3,704",707,510,-,92.20%,16.22%,72.14%,-,-,10.79%,441,91,,,,,,,,,,,,,,,,,,,,,"£38,477",,-,"£38,477",-,,,1940.329274
"Mon, Sep 29, 2025",-,"27,772","4,974","4,578","3,884",867,604,-,92.04%,18.94%,69.67%,-,-,12.14%,572,140,,,,,,,,,,,,,,,,,,,,,"£37,488",,-,"£37,488",-,,,1888.12239
"Tue, Sep 30, 2025",-,"27,642","4,461","4,103","3,582",776,562,-,91.97%,18.91%,72.42%,-,-,12.60%,522,160,,,,,,,,,,,,,,,,,,,,,"£38,424",,-,"£38,424",-,,,1805.438483
"Wed, Oct 1, 2025",-,"28,872","4,438","4,124","3,685",687,481,-,92.92%,16.66%,70.01%,-,-,10.84%,451,83,,,,,,,,,,,,,,,,,,,,,"£27,643",,-,"£27,643",-,,,2000.907049
"Thu, Oct 2, 2025",-,"23,759","3,674","3,406","3,077",809,559,-,92.71%,23.75%,69.10%,-,-,15.22%,615,79,,,,,,,,,,,,,,,,,,,,,"£16,279",,-,"£16,279",-,,,2026.683417
"Fri, Oct 3, 2025",-,"27,959","4,775","4,427","3,942",961,722,-,92.71%,21.71%,75.13%,-,-,15.12%,732,75,,,,,,,,,,,,,,,,,,,,,"£28,888",,-,"£28,888",-,,,2029.824261
"Sat, Oct 4, 2025",-,"25,314","4,141","3,852","3,406",859,618,-,93.02%,22.30%,71.94%,-,-,14.92%,644,56,,,,,,,,,,,,,,,,,,,,,"£24,811",,-,"£24,811",-,,,2107.422808
"Sun, Oct 5, 2025",-,"26,312","4,476","4,167","3,690",954,636,-,93.10%,22.89%,66.67%,-,-,14.21%,680,44,,,,,,,,,,,,,,,,,,,,,"£27,591",,-,"£27,591",-,,,2063.381925
"Mon, Oct 6, 2025",-,"26,884","3,947","3,609","3,226",711,480,-,91.44%,19.70%,67.51%,-,-,12.16%,496,30,,,,,,,,,,,,,,,,,,,,,"£26,379",,-,"£26,379",-,,,1960.519788
"Tue, Oct 7, 2025",-,"26,214","3,612","3,300","2,930",564,383,-,91.36%,17.09%,67.91%,-,-,10.60%,378,64,,,,,,,,,,,,,,,,,,,,,"£27,402",,-,"£27,402",-,,,2993.807912
"Wed, Oct 8, 2025",-,"27,080","4,049","3,699","3,263",612,401,-,91.36%,16.55%,65.52%,-,-,9.90%,401,79,,,,,,,,,,,,,,,,,,,,,"£29,912",,-,"£29,912",-,,,3142.943053
"Thu, Oct 9, 2025",-,"25,869","3,951","3,590","3,161",659,460,-,90.86%,18.36%,69.80%,-,-,11.64%,410,97,,,,,,,,,,,,,,,,,,,,,"£28,868",,-,"£28,868",-,,,3129.089079
"Fri, Oct 10, 2025",-,"23,675","3,336","3,028","2,666",558,392,-,90.77%,18.43%,70.25%,-,-,11.75%,372,67,,,,,,,,,,,,,,,,,,,,,"£29,214",,-,"£29,214",-,,,3123.888547
"Sat, Oct 11, 2025",-,"23,805","3,633","3,290","2,786",525,375,-,90.56%,15.96%,71.43%,-,-,10.32%,352,136,,,,,,,,,,,,,,,,,,,,,"£30,923",,-,"£30,923",-,,,3122.165518
"Sun, Oct 12, 2025",-,"24,138","3,733","3,374","2,901",547,394,-,90.38%,16.21%,72.03%,-,-,10.55%,352,115,,,,,,,,,,,,,,,,,,,,,"£33,412",,-,"£33,412",-,,,3114.510875
"Mon, Oct 13, 2025",-,"27,531","4,477","4,021","3,487",572,401,-,89.81%,14.23%,70.10%,-,-,8.96%,338,58,,,,,,,,,,,,,,,,,,,,,"£30,402",,-,"£30,402",-,,,3096.711839
"Tue, Oct 14, 2025",-,"31,597","5,478","4,962","4,309",675,470,-,90.58%,13.60%,69.63%,-,-,8.58%,394,63,,,,,,,,,,,,,,,,,,,,,"£37,816",,-,"£37,816",-,,,3989.954743
"Wed, Oct 15, 2025",-,"30,462","4,922","4,433","3,847",602,397,-,90.07%,13.58%,65.95%,-,-,8.07%,387,87,,,,,,,,,,,,,,,,,,,,,"£38,895",,-,"£38,895",-,,,4172.723155
"Thu, Oct 16, 2025",-,"27,345","4,113","3,695","3,236",579,371,-,89.84%,15.67%,64.08%,-,-,9.02%,356,55,,,,,,,,,,,,,,,,,,,,,"£31,371",,-,"£31,371",-,,,4168.435265
"Fri, Oct 17, 2025",-,"27,262","4,140","3,758","3,231",521,373,-,90.77%,13.86%,71.59%,-,-,9.01%,317,66,,,,,,,,,,,,,,,,,,,,,"£35,894",,-,"£35,894",-,,,4163.577848
"Sat, Oct 18, 2025",-,"28,680","4,809","4,355","3,703",531,385,-,90.56%,12.19%,72.50%,-,-,8.01%,314,98,,,,,,,,,,,,,,,,,,,,,"£36,453",,-,"£36,453",-,,,4147.1919
"Sun, Oct 19, 2025",-,"33,186","6,255","5,609","4,855",695,488,-,89.67%,12.39%,70.22%,-,-,7.80%,391,123,,,,,,,,,,,,,,,,,,,,,"£43,978",,-,"£43,978",-,,,4132.842068
"Mon, Oct 20, 2025",-,"28,940","4,920","4,447","3,896",564,383,-,90.39%,12.68%,67.91%,-,-,7.78%,304,75,,,,,,,,,,,,,,,,,,,,,"£41,681",,-,"£41,681",-,,,4185.701652
"Tue, Oct 21, 2025",-,"31,576","5,680","5,095","4,416",672,474,-,89.70%,13.19%,70.54%,-,-,8.35%,380,98,,,,,,,,,,,,,,,,,,,,,"£41,455",,-,"£41,455",-,,,4016.651397
"Wed, Oct 22, 2025",-,"29,977","5,067","4,545","3,906",612,408,-,89.70%,13.47%,66.67%,-,-,8.05%,370,99,,,,,,,,,,,,,,,,,,,,,"£42,590",,-,"£42,590",-,,,4102.673825
"Thu, Oct 23, 2025",-,"28,294","4,484","3,991","3,416",555,390,-,89.01%,13.91%,70.27%,-,-,8.70%,321,108,,,,,,,,,,,,,,,,,,,,,"£44,893",,-,"£44,893",-,,,4054.196311
"Fri, Oct 24, 2025",-,"26,170","3,996","3,586","3,088",538,379,-,89.74%,15.00%,70.45%,-,-,9.48%,369,85,,,,,,,,,,,,,,,,,,,,,"£41,368",,-,"£41,368",-,,,4041.729915
"Sat, Oct 25, 2025",-,"25,203","3,996","3,582","3,053",500,354,-,89.64%,13.96%,70.80%,-,-,8.86%,324,78,,,,,,,,,,,,,,,,,,,,,"£34,304",,-,"£34,304",-,,,3987.537058
"Sun, Oct 26, 2025",-,"28,246","4,853","4,383","3,718",632,455,-,90.32%,14.42%,71.99%,-,-,9.38%,408,128,,,,,,,,,,,,,,,,,,,,,"£42,368",,-,"£42,368",-,,,3964.682669
"Mon, Oct 27, 2025",-,"28,374","4,601","4,129","3,596",684,471,-,89.74%,16.57%,68.86%,-,-,10.24%,431,105,,,,,,,,,,,,,,,,,,,,,"£39,895",,-,"£39,895",-,,,3979.51857
"Tue, Oct 28, 2025",-,"28,499","4,883","4,394","3,777",695,471,-,89.99%,15.82%,67.77%,-,-,9.65%,467,67,,,,,,,,,,,,,,,,,,,,,"£41,094",,-,"£41,094",-,,,3835.726051
"Wed, Oct 29, 2025",-,"28,383","4,804","4,338","3,677",701,466,-,90.30%,16.16%,66.48%,-,-,9.70%,473,83,,,,,,,,,,,,,,,,,,,,,"£39,981",,-,"£39,981",-,,,3820.886522
"Thu, Oct 30, 2025",-,"27,836","4,549","4,087","3,476",658,443,-,89.84%,16.10%,67.33%,-,-,9.74%,421,80,,,,,,,,,,,,,,,,,,,,,"£34,542",,-,"£34,542",-,,,3718.33667
"Fri, Oct 31, 2025",-,"26,865","4,396","3,873","3,231",590,392,-,88.10%,15.23%,66.44%,-,-,8.92%,416,52,,,,,,,,,,,,,,,,,,,,,"£30,698",,-,"£30,698",-,,,3568.067402
"Sat, Nov 1, 2025",-,"28,911","4,969","4,409","3,641",618,407,-,88.73%,14.02%,65.86%,-,-,8.19%,426,44,,,,,,,,,,,,,,,,,,,,,"£25,529",,-,"£25,529",-,,,4126.677455
"Sun, Nov 2, 2025",-,"30,615","5,621","5,023","4,118",582,420,-,89.36%,11.59%,72.16%,-,-,7.47%,371,107,,,,,,,,,,,,,,,,,,,,,"£34,699",,-,"£34,699",-,,,4216.996559
"Mon, Nov 3, 2025",-,"29,680","4,890","4,379","3,649",553,390,-,89.55%,12.63%,70.52%,-,-,7.98%,327,103,,,,,,,,,,,,,,,,,,,,,"£32,139",,-,"£32,139",-,,,4288.216748
"Tue, Nov 4, 2025",-,"28,885","4,840","4,298","3,490",499,332,-,88.80%,11.61%,66.53%,-,-,6.86%,313,74,,,,,,,,,,,,,,,,,,,,,"£34,103",,-,"£34,103",-,,,4171.657488
"Wed, Nov 5, 2025",-,"26,985","4,338","3,863","3,178",495,340,-,89.05%,12.81%,68.69%,-,-,7.84%,323,74,,,,,,,,,,,,,,,,,,,,,"£27,149",,-,"£27,149",-,,,4231.604715
"Thu, Nov 6, 2025",-,"26,179","4,375","3,892","3,164",554,389,-,88.96%,14.23%,70.22%,-,-,8.89%,387,51,,,,,,,,,,,,,,,,,,,,,"£30,056",,-,"£30,056",-,,,2988.428316
"Fri, Nov 7, 2025",-,"25,714","4,107","3,659","2,904",508,358,-,89.09%,13.88%,70.47%,-,-,8.72%,353,24,,,,,,,,,,,,,,,,,,,,,"£29,023",,-,"£29,023",-,,,2133.479854
"Sat, Nov 8, 2025",-,"25,477","3,695","3,355","2,668",437,300,-,90.80%,13.03%,68.65%,-,-,8.12%,284,46,,,,,,,,,,,,,,,,,,,,,"£26,598",,-,"£26,598",-,,,2108.119563
"Sun, Nov 9, 2025",-,"27,248","4,290","3,910","3,116",479,349,-,91.14%,12.25%,72.86%,-,-,8.14%,308,79,,,,,,,,,,,,,,,,,,,,,"£31,814",,-,"£31,814",-,,,2085.040312
"Mon, Nov 10, 2025",-,"28,365","4,164","3,711","3,003",427,307,-,89.12%,11.51%,71.90%,-,-,7.37%,267,78,,,,,,,,,,,,,,,,,,,,,"£27,535",,-,"£27,535",-,,,
"Tue, Nov 11, 2025",-,"25,207","3,231","2,918","2,349",320,235,-,90.31%,10.97%,73.44%,-,-,7.27%,217,36,,,,,,,,,,,,,,,,,,,,,"£24,762",,-,"£24,762",-,,,
"Wed, Nov 12, 2025",-,"23,705","2,972","2,677","2,160",296,216,-,90.07%,11.06%,72.97%,-,-,7.27%,190,58,,,,,,,,,,,,,,,,,,,,,"£24,121",,-,"£24,121",-,,,
"Thu, Nov 13, 2025",-,"21,686","2,435","2,178","1,776",278,193,-,89.45%,12.76%,69.42%,-,-,7.93%,163,52,,,,,,,,,,,,,,,,,,,,,"£22,189",,-,"£22,189",-,,,
"Fri, Nov 14, 2025",-,"21,661","2,470","2,211","1,758",233,170,-,89.51%,10.54%,72.96%,-,-,6.88%,147,48,,,,,,,,,,,,,,,,,,,,,"£22,871",,-,"£22,871",-,,,
"Sat, Nov 15, 2025",-,"22,025","2,719","2,425","1,910",280,206,-,89.19%,11.55%,73.57%,-,-,7.58%,168,69,,,,,,,,,,,,,,,,,,,,,"£19,851",,-,"£19,851",-,,,
"Sun, Nov 16, 2025",-,"24,404","3,308","2,944","2,385",284,211,-,89.00%,9.65%,74.30%,-,-,6.38%,164,66,,,,,,,,,,,,,,,,,,,,,"£27,512",,-,"£27,512",-,,,
"Mon, Nov 17, 2025",-,"22,798","2,699","2,396","1,933",252,190,-,88.77%,10.52%,75.40%,-,-,7.04%,157,36,,,,,,,,,,,,,,,,,,,,,"£24,758",,-,"£24,758",-,,,
"Tue, Nov 18, 2025",-,"20,991","2,496","2,270","1,783",214,149,-,90.95%,9.43%,69.63%,-,-,5.97%,134,34,,,,,,,,,,,,,,,,,,,,,"£20,157",,-,"£20,157",-,,,
"Wed, Nov 19, 2025",-,"18,958","2,203","1,955","1,545",208,161,-,88.74%,10.64%,77.40%,-,-,7.31%,116,41,,,,,,,,,,,,,,,,,,,,,"£20,346",,-,"£20,346",-,,,
"Thu, Nov 20, 2025",-,"20,282","2,299","2,042","1,665",225,162,-,88.82%,11.02%,72.00%,-,-,7.05%,128,27,,,,,,,,,,,,,,,,,,,,,"£19,040",,-,"£19,040",-,,,
"Fri, Nov 21, 2025",-,"20,714","2,389","2,090","1,700",252,173,-,87.48%,12.06%,68.65%,-,-,7.24%,162,38,,,,,,,,,,,,,,,,,,,,,"£19,924",,-,"£19,924",-,,,
"Sat, Nov 22, 2025",-,"21,043","2,573","2,288","1,831",261,173,-,88.92%,11.41%,66.28%,-,-,6.72%,159,44,,,,,,,,,,,,,,,,,,,,,"£16,477",,-,"£16,477",-,,,
"Sun, Nov 23, 2025",-,"22,791","3,039","2,711","2,182",307,213,-,89.21%,11.32%,69.38%,-,-,7.01%,192,56,,,,,,,,,,,,,,,,,,,,,"£20,078",,-,"£20,078",-,,,
"Mon, Nov 24, 2025",-,"21,928","2,551","2,252","1,865",284,206,-,88.28%,12.61%,72.54%,-,-,8.08%,161,44,,,,,,,,,,,,,,,,,,,,,"£19,079",,-,"£19,079",-,,,
"Tue, Nov 25, 2025",-,"23,179","2,941","2,597","2,102",283,208,-,88.30%,10.90%,73.50%,-,-,7.07%,164,36,,,,,,,,,,,,,,,,,,,,,"£21,145",,-,"£21,145",-,,,
"Wed, Nov 26, 2025",-,"20,750","3,491","3,094","2,613",305,204,-,88.63%,9.86%,66.89%,-,-,5.84%,187,37,,,,,,,,,,,,,,,,,,,,,"£29,775",,-,"£29,775",-,,,
"Thu, Nov 27, 2025",-,"23,806","4,022","3,575","3,045",374,251,-,88.89%,10.46%,67.11%,-,-,6.24%,222,35,,,,,,,,,,,,,,,,,,,,,"£34,880",,-,"£34,880",-,,,
"Fri, Nov 28, 2025",-,"25,222","4,402","3,913","3,344",400,269,-,88.89%,10.22%,67.25%,-,-,6.11%,273,6,,,,,,,,,,,,,,,,,,,,,"£40,703",,-,"£40,703",-,,,
"Sat, Nov 29, 2025",-,"23,704","4,220","3,740","3,108",387,271,-,88.63%,10.35%,70.03%,-,-,6.42%,243,27,,,,,,,,,,,,,,,,,,,,,"£41,766",,-,"£41,766",-,,,
"Sun, Nov 30, 2025",-,"27,041","5,106","4,549","3,792",441,309,-,89.09%,9.69%,70.07%,-,-,6.05%,292,21,,,,,,,,,,,,,,,,,,,,,"£45,747",,-,"£45,747",-,,,
"Mon, Dec 1, 2025",-,"23,517","3,814","3,401","2,807",348,246,-,89.17%,10.23%,70.69%,-,-,6.45%,203,39,348,348,-,-,-,246,246,-,-,-,348,348,-,-,-,246,246,-,-,-,"£42,157",,-,"£42,157",-,,,
"Tue, Dec 2, 2025",-,"22,945","3,877","3,371","2,665",344,234,-,86.95%,10.20%,68.02%,-,-,6.04%,221,40,344,344,-,-,-,234,234,-,-,-,344,344,-,-,-,234,234,-,-,-,"£50,664",,-,"£50,664",-,,,
"Wed, Dec 3, 2025",-,"21,358","3,223","2,776","2,242",333,229,-,86.13%,12.00%,68.77%,-,-,7.11%,198,28,333,333,-,-,-,229,229,-,-,-,333,333,-,-,-,229,229,-,-,-,"£33,104",,-,"£33,104",-,,,
"Thu, Dec 4, 2025",-,"19,960","3,106","2,732","2,234",305,194,-,87.96%,11.16%,63.61%,-,-,6.25%,196,38,305,305,-,-,-,194,194,-,-,-,305,305,-,-,-,194,194,-,-,-,"£27,393",,-,"£27,393",-,,,
"Fri, Dec 5, 2025",-,"16,398","2,689","2,376","1,879",296,204,-,88.36%,12.46%,68.92%,-,-,7.59%,172,32,296,296,-,-,-,204,204,-,-,-,296,296,-,-,-,204,204,-,-,-,"£16,418",,-,"£16,418",-,,,
"Sat, Dec 6, 2025",-,"16,879","3,038","2,715","2,127",278,200,-,89.37%,10.24%,71.94%,-,-,6.58%,182,65,278,278,-,-,-,200,200,-,-,-,278,278,-,-,-,200,200,-,-,-,"£15,149",,-,"£15,149",-,,,
"Sun, Dec 7, 2025",-,"19,479","3,561","3,167","2,496",342,245,-,88.94%,10.80%,71.64%,-,-,6.88%,197,80,342,342,-,-,-,245,245,-,-,-,342,342,-,-,-,245,245,-,-,-,"£18,921",,-,"£18,921",-,,,
"Mon, Dec 8, 2025",-,"18,954","3,534","3,149","2,418",370,254,-,89.11%,11.75%,68.65%,-,-,7.19%,197,47,370,370,-,-,-,254,254,-,-,-,370,370,-,-,-,254,254,-,-,-,"£19,060",,-,"£19,060",-,,,
"Tue, Dec 9, 2025",-,"18,326","3,404","3,057","2,334",348,250,-,89.81%,11.38%,71.84%,-,-,7.34%,205,46,348,348,-,-,-,250,250,-,-,-,348,348,-,-,-,250,250,-,-,-,"£20,984",,-,"£20,984",-,,,
"Wed, Dec 10, 2025",-,"15,752","2,939","2,645","2,054",273,191,-,90.00%,10.32%,69.96%,-,-,6.50%,143,48,273,273,-,-,-,191,191,-,-,-,273,273,-,-,-,191,191,-,-,-,"£15,512",,-,"£15,512",-,,,
"Thu, Dec 11, 2025",-,"14,704","2,656","2,400","1,823",278,204,-,90.36%,11.58%,73.38%,-,-,7.68%,164,44,278,278,-,-,-,204,204,-,-,-,278,278,-,-,-,204,204,-,-,-,"£15,558",,-,"£15,558",-,,,
"Fri, Dec 12, 2025",-,"16,153","2,600","2,339","1,770",251,172,-,89.96%,10.73%,68.53%,-,-,6.62%,151,33,251,251,-,-,-,172,172,-,-,-,251,251,-,-,-,172,172,-,-,-,"£13,364",,-,"£13,364",-,,,
"Sat, Dec 13, 2025",-,"14,941","2,497","2,280","1,698",243,185,-,91.31%,10.66%,76.13%,-,-,7.41%,141,59,243,243,-,-,-,185,185,-,-,-,243,243,-,-,-,185,185,-,-,-,"£19,539",,-,"£19,539",-,,,
"Sun, Dec 14, 2025",-,"16,900","2,947","2,683","2,005",286,216,-,91.04%,10.66%,75.52%,-,-,7.33%,155,59,286,286,-,-,-,216,216,-,-,-,286,286,-,-,-,216,216,-,-,-,"£16,928",,-,"£16,928",-,,,
"Mon, Dec 15, 2025",-,"17,134","3,018","2,733","2,046",291,201,-,90.56%,10.65%,69.07%,-,-,6.66%,162,22,291,291,-,-,-,201,201,-,-,-,291,291,-,-,-,201,201,-,-,-,"£18,425",,-,"£18,425",-,,,
"Tue, Dec 16, 2025",-,"16,530","2,767","2,521","1,898",297,212,-,91.11%,11.78%,71.38%,-,-,7.66%,176,40,297,297,-,-,-,212,212,-,-,-,297,297,-,-,-,212,212,-,-,-,"£20,007",,-,"£20,007",-,,,
"Wed, Dec 17, 2025",-,"14,616","2,605","2,379","1,772",266,190,-,91.32%,11.18%,71.43%,-,-,7.29%,169,18,266,266,-,-,-,190,190,-,-,-,266,266,-,-,-,190,190,-,-,-,"£16,340",,-,"£16,340",-,,,
"Thu, Dec 18, 2025",-,"13,567","2,460","2,237","1,662",274,184,-,90.93%,12.25%,67.15%,-,-,7.48%,153,21,274,274,-,-,-,184,184,-,-,-,274,274,-,-,-,184,184,-,-,-,"£10,586",,-,"£10,586",-,,,
"Fri, Dec 19, 2025",-,"11,489","1,834","1,682","1,261",226,170,-,91.71%,13.44%,75.22%,-,-,9.27%,137,42,226,226,-,-,-,170,170,-,-,-,226,226,-,-,-,170,170,-,-,-,"£9,337",,-,"£9,337",-,,,
"Sat, Dec 20, 2025",-,"11,189","1,887","1,739","1,319",248,185,-,92.16%,14.26%,74.60%,-,-,9.80%,150,44,248,248,-,-,-,185,185,-,-,-,248,248,-,-,-,185,185,-,-,-,"£9,120",,-,"£9,120",-,,,
"Sun, Dec 21, 2025",-,"13,421","2,237","2,032","1,532",255,185,-,90.84%,12.55%,72.55%,-,-,8.27%,143,56,255,255,-,-,-,185,185,-,-,-,255,255,-,-,-,185,185,-,-,-,"£11,518",,-,"£11,518",-,,,
"Mon, Dec 22, 2025",-,"11,901","1,913","1,724","1,298",235,169,-,90.12%,13.63%,71.91%,-,-,8.83%,137,52,235,235,-,-,-,169,169,-,-,-,235,235,-,-,-,169,169,-,-,-,"£6,338",,-,"£6,338",-,,,
"Tue, Dec 23, 2025",-,"10,805","1,610","1,478","1,111",175,136,-,91.80%,11.84%,77.71%,-,-,8.45%,108,25,175,175,-,-,-,136,136,-,-,-,175,175,-,-,-,136,136,-,-,-,"£6,032",,-,"£6,032",-,,,
"Wed, Dec 24, 2025",-,"9,069","1,357","1,216",914,158,111,-,89.61%,12.99%,70.25%,-,-,8.18%,99,38,158,158,-,-,-,111,111,-,-,-,158,158,-,-,-,111,111,-,-,-,"£6,259",,-,"£6,259",-,,,
"Thu, Dec 25, 2025",-,"7,942","1,306","1,207",896,170,131,-,92.42%,14.08%,77.06%,-,-,10.03%,101,43,170,170,-,-,-,131,131,-,-,-,170,170,-,-,-,131,131,-,-,-,"£4,546",,-,"£4,546",-,,,
"Fri, Dec 26, 2025",-,"34,524","6,534","6,028","4,872",669,496,-,92.26%,11.10%,74.14%,-,-,7.59%,403,111,669,669,-,-,-,496,496,-,-,-,669,669,-,-,-,496,496,-,-,-,"£88,087",,-,"£88,087",-,,,
"Sat, Dec 27, 2025","58,037","47,268","9,638","8,890","7,096",871,677,16.61%,92.24%,9.80%,77.73%,1.50%,1.17%,7.02%,482,93,871,302,291,278,,677,461,216,,-,871,302,291,278,,677,461,216,,-,"£75,077",,-,"£70,173","£4,904",,,
"Sun, Dec 28, 2025","63,442","51,722","10,359","9,496","7,666",999,741,16.33%,91.67%,10.52%,74.17%,1.57%,1.17%,7.15%,598,50,999,337,333,329,,741,497,244,,-,999,337,333,329,,741,497,244,,-,"£81,059",,-,"£78,295","£2,764",,,
"Mon, Dec 29, 2025","72,825","57,831","10,839","9,884","8,057",992,752,14.88%,91.19%,10.04%,75.81%,1.36%,1.03%,6.94%,631,110,992,355,372,265,,752,549,203,,-,992,355,372,265,,752,549,203,,-,"£85,692",,-,"£83,270","£2,422",,,
"Tue, Dec 30, 2025","61,643","49,373","9,065","8,257","6,558",902,663,14.71%,91.09%,10.92%,73.50%,1.46%,1.08%,7.31%,570,171,902,302,406,194,,663,525,138,,-,902,302,406,194,,663,525,138,,-,"£76,606",,-,"£73,639","£2,967",,,
"Wed, Dec 31, 2025","52,484","42,268","7,588","6,850","5,525",781,594,14.46%,90.27%,11.40%,76.06%,1.49%,1.13%,7.83%,510,166,781,222,348,211,,594,436,158,,-,781,222,348,211,,594,436,158,,-,"£74,430",,-,"£72,059","£2,370",,,
"Thu, Jan 1, 2026","78,542","61,948","11,913","10,881","8,936",951,741,15.17%,91.34%,8.74%,77.92%,1.21%,0.94%,6.22%,604,151,951,271,453,227,,741,575,166,,-,951,271,453,227,,741,575,166,,-,"£75,451",,-,"£71,784","£3,667",,,
"Fri, Jan 2, 2026","62,876","49,588","9,724","8,778","7,012",958,725,15.47%,90.27%,10.91%,75.68%,1.52%,1.15%,7.46%,665,83,958,333,465,160,,725,607,118,,-,958,333,465,160,,725,607,118,,-,"£76,008",,-,"£70,109","£5,900",,,
"Sat, Jan 3, 2026","63,156","50,563","9,483","8,506","6,737",920,718,15.02%,89.70%,10.82%,78.04%,1.46%,1.14%,7.57%,610,124,920,282,453,185,,718,580,138,,-,920,282,453,185,,718,580,138,,-,"£74,748",,-,"£68,564","£6,185",,,
"Sun, Jan 4, 2026","62,691","50,919","9,785","8,789","6,996",917,688,15.61%,89.82%,10.43%,75.03%,1.46%,1.10%,7.03%,591,136,917,271,469,177,,688,554,134,,-,917,271,469,177,,688,554,134,,-,"£87,714",,-,"£83,484","£4,230",,,
"Mon, Jan 5, 2026","63,658","50,856","8,985","8,006","6,330",810,608,14.11%,89.10%,10.12%,75.06%,1.27%,0.96%,6.77%,525,109,810,293,383,134,,608,517,91,,-,810,293,383,134,,608,517,91,,-,"£75,863",,-,"£71,310","£4,553",,,
"Tue, Jan 6, 2026","60,197","49,037","8,365","7,389","5,867",772,579,13.90%,88.33%,10.45%,75.00%,1.28%,0.96%,6.92%,486,76,772,246,382,144,,579,474,105,,-,772,246,382,144,0,579,474,105,0,-,"£77,741",,-,"£72,318","£5,423",,,
"Wed, Jan 7, 2026","52,671","42,413","7,099","6,462","5,160",685,464,13.48%,91.03%,10.60%,67.74%,1.30%,0.88%,6.54%,446,61,685,223,319,143,,464,370,94,,-,686,223,319,143,0,465,370,94,0,-,"£84,752",,-,"£79,624","£5,128",,,
"Thu, Jan 8, 2026","52,670","41,793","7,043","6,410","5,121",646,473,13.37%,91.01%,10.08%,73.22%,1.23%,0.90%,6.72%,425,105,646,214,304,128,,473,383,90,,-,647,214,304,128,0,474,384,90,0,-,"£90,615",,-,"£85,027","£5,588",,,
"Fri, Jan 9, 2026","46,409","37,272","5,814","5,276","4,221",579,435,12.53%,90.75%,10.97%,75.13%,1.25%,0.94%,7.48%,377,96,579,180,279,120,,435,345,90,,-,580,180,280,120,0,436,346,90,0,-,"£83,388",,-,"£75,907","£7,482",,,
"Sat, Jan 10, 2026","42,874","34,576","5,442","5,020","3,949",544,424,12.69%,92.25%,10.84%,77.94%,1.27%,0.99%,7.79%,324,125,544,182,245,117,,424,335,89,,-,546,183,246,118,0,425,336,89,0,-,"£74,772",,-,"£64,816","£9,956",,,
"Sun, Jan 11, 2026","47,350","37,773","6,295","5,806","4,670",550,429,13.29%,92.23%,9.47%,78.00%,1.16%,0.91%,6.81%,349,151,550,201,242,107,,429,364,65,,-,552,202,243,108,0,431,365,65,0,-,"£70,573",,-,"£62,804","£7,769",,,
"Mon, Jan 12, 2026","44,006","35,004","5,664","5,159","4,156",545,390,12.87%,91.08%,10.56%,71.56%,1.24%,0.89%,6.89%,353,113,545,189,258,98,,390,324,66,,-,548,190,259,99,0,392,325,66,0,-,"£59,446",,-,"£54,193","£5,253",,,
"Wed, Jan 14, 2026","49,225","40,093","6,417","5,814","4,705",528,383,13.04%,90.60%,9.08%,72.54%,1.07%,0.78%,5.97%,314,91,528,186,227,115,,383,309,74,,-,532,187,228,116,0,385,311,74,0,-,"£88,025",,-,"£73,037","£14,987",,,
"Tue, Jan 13, 2026","45,482","36,310","6,191","5,648","4,512",555,415,13.61%,91.23%,9.83%,74.77%,1.22%,0.91%,6.70%,333,93,555,139,320,96,,415,348,67,,-,558,140,322,97,0,417,350,67,0,-,"£64,433",,-,"£58,798","£5,635",,,
"Thu, Jan 15, 2026","53,973","44,772","6,852","6,237","4,959",611,465,12.70%,91.02%,9.80%,76.10%,1.13%,0.86%,6.79%,369,120,611,188,236,187,,465,335,130,,-,616,189,238,189,0,468,337,131,0,-,"£125,937",,-,"£111,920","£14,017",,,
"Fri, Jan 16, 2026","49,622","40,997","6,476","5,853","4,635",614,474,13.05%,90.38%,10.49%,77.20%,1.24%,0.96%,7.32%,371,121,614,209,247,158,,474,361,113,,-,620,211,249,160,0,478,364,114,0,-,"£101,669",,-,"£101,615",£54,,,
"Sat, Jan 17, 2026","50,158","41,541","6,718","6,111","4,752",557,427,13.39%,90.96%,9.11%,76.66%,1.11%,0.85%,6.36%,326,140,557,182,201,174,,427,302,125,,-,563,184,203,177,0,431,305,126,0,-,"£91,388",,-,"£91,385",£4,,,
"Sun, Jan 18, 2026","55,066","45,593","7,802","7,094","5,507",620,508,14.17%,90.93%,8.74%,81.94%,1.13%,0.92%,6.51%,377,167,620,197,224,199,,508,352,156,,-,627,199,226,202,0,513,355,157,0,-,"£103,984",,-,"£103,982",£2,,,
"Mon, Jan 19, 2026","51,556","42,424","6,714","6,079","4,669",557,426,13.02%,90.54%,9.16%,76.48%,1.08%,0.83%,6.34%,311,103,557,196,216,145,,426,325,101,,-,564,198,218,148,0,430,328,102,0,-,"£94,495",,-,"£94,493",£1,,,
"Tue, Jan 20, 2026","50,999","41,793","6,584","5,936","4,642",575,439,12.91%,90.16%,9.69%,76.35%,1.13%,0.86%,6.67%,348,101,575,196,211,168,,439,322,117,,-,583,198,213,171,0,444,325,118,0,-,"£90,143",,-,"£90,142",£1,,,
"Wed, Jan 21, 2026","52,961","42,912","6,923","6,304","4,953",548,416,13.07%,91.06%,8.69%,75.91%,1.03%,0.79%,6.01%,326,93,548,208,202,138,,416,315,101,,-,556,210,204,141,0,421,319,102,0,-,"£86,925",,-,"£86,925",£0,,,
"Thu, Jan 22, 2026","55,065","45,041","6,526","5,861","4,517",530,395,11.85%,89.81%,9.04%,74.53%,0.96%,0.72%,6.05%,321,97,530,178,201,151,,395,295,100,,-,538,180,204,154,0,400,299,101,0,-,"£92,447",,-,"£92,447",£0,,,
"Fri, Jan 23, 2026","49,968","40,880","5,764","5,164","3,980",529,404,11.54%,89.59%,10.24%,76.37%,1.06%,0.81%,7.01%,337,125,529,200,167,162,,404,291,113,,-,538,203,169,166,0,409,295,115,0,-,"£87,323",,-,"£87,323",£0,,,
"Sat, Jan 24, 2026","52,859","43,098","6,414","5,788","4,435",537,413,12.13%,90.24%,9.28%,76.91%,1.02%,0.78%,6.44%,351,130,537,183,200,154,,413,307,106,,-,546,185,203,158,0,419,311,108,0,-,"£92,491",,-,"£92,491",£0,,,
"Sun, Jan 25, 2026","58,040","47,571","7,233","6,552","4,991",592,453,12.46%,90.58%,9.04%,76.52%,1.02%,0.78%,6.26%,374,142,592,243,182,167,,453,332,121,,-,603,246,185,172,0,460,337,123,0,-,"£102,051",,-,"£102,051",£0,,,
"Mon, Jan 26, 2026","32,773","25,511","3,930","3,516","2,803",394,287,11.99%,89.47%,11.21%,72.84%,1.20%,0.88%,7.30%,258,110,394,198,163,33,,287,266,21,,-,401,201,166,34,0,292,270,21,0,-,"£34,440",,-,"£34,440",£0,,,
"Tue, Jan 27, 2026","25,637","19,152","2,859","2,595","2,062",314,241,11.15%,90.77%,12.10%,76.75%,1.22%,0.94%,8.43%,203,96,314,141,169,4,,241,238,3,,-,319,143,172,4,0,245,242,3,0,-,£0,,-,£0,£0,,,
"Wed, Jan 28, 2026","30,392","22,396","3,724","3,392","2,842",336,260,12.25%,91.08%,9.91%,77.38%,1.11%,0.86%,6.98%,213,86,336,155,180,1,,260,259,1,,-,342,158,183,1,0,265,264,1,0,-,£0,,-,£0,£0,,,
"Thu, Jan 29, 2026","28,319","20,954","3,736","3,393","2,849",328,260,13.19%,90.82%,9.67%,79.27%,1.16%,0.92%,6.96%,227,90,328,143,183,2,,260,258,2,,-,334,146,186,2,0,265,263,2,0,-,£0,,-,£0,£0,,,
"Fri, Jan 30, 2026","23,898","17,929","2,848","2,594","2,102",320,266,11.92%,91.08%,12.34%,83.13%,1.34%,1.11%,9.34%,240,97,320,132,183,5,,266,262,4,,-,326,134,187,5,0,271,267,4,0,-,£0,,-,£0,£0,,,
"Sat, Jan 31, 2026","33,727","24,715","4,319","3,959","3,356",327,256,12.81%,91.66%,8.26%,78.29%,0.97%,0.76%,5.93%,238,101,327,154,170,3,,256,253,3,,-,334,157,174,3,0,261,258,3,0,-,£0,,-,£0,£0,,,
"Sun, Feb 1, 2026","25,000","18,997","2,497","2,220","1,793",238,187,9.99%,88.91%,10.72%,78.57%,0.95%,0.75%,7.49%,180,67,238,111,125,2,,187,185,2,,-,243,113,128,2,0,191,189,2,0,-,£0,,-,£0,£0,,,
"Mon, Feb 2, 2026","44,961","37,019","4,119","3,658","2,703",307,223,9.16%,88.81%,8.39%,72.64%,0.68%,0.50%,5.41%,206,59,307,121,109,77,,223,167,56,,-,315,124,112,80,0,228,171,57,0,-,"£47,361",,-,"£47,361",£0,,,
"Tue, Feb 3, 2026","42,202","34,529","3,952","3,501","2,601",334,245,9.36%,88.59%,9.54%,73.35%,0.79%,0.58%,6.20%,220,77,334,119,139,76,,245,187,58,,-,344,122,142,79,0,251,192,60,0,-,"£59,626",,-,"£59,626",£0,,,
"Wed, Feb 4, 2026","40,067","30,882","3,535","3,152","2,386",339,259,8.82%,89.17%,10.76%,76.40%,0.85%,0.65%,7.33%,199,61,339,253,29,57,,259,220,39,,-,349,259,30,60,0,266,226,40,0,-,"£50,389",,-,"£50,389",£0,,,
"Thu, Feb 5, 2026","41,493","30,594","4,221","3,809","2,830",339,263,10.17%,90.24%,8.90%,77.58%,0.82%,0.63%,6.23%,205,71,339,274,28,37,,263,231,32,,-,349,281,29,39,0,270,237,33,0,-,"£48,592",,-,"£48,592",£0,,,
"Fri, Feb 6, 2026","38,697","28,485","3,942","3,526","2,629",333,249,10.19%,89.45%,9.44%,74.77%,0.86%,0.64%,6.32%,199,68,333,275,23,35,,249,223,26,,-,343,282,24,37,0,256,229,27,0,-,"£45,188",,-,"£45,188",£0,,,
"Sat, Feb 7, 2026","42,563","30,820","4,657","4,195","3,184",406,326,10.94%,90.08%,9.68%,80.30%,0.95%,0.77%,7.00%,235,107,406,339,24,43,,326,289,37,,-,418,349,25,45,0,336,298,38,0,-,"£41,263",,-,"£41,263",£0,,,
"Sun, Feb 8, 2026","48,268","34,412","5,553","5,025","3,819",516,399,11.50%,90.49%,10.27%,77.33%,1.07%,0.83%,7.19%,337,176,516,426,42,48,,399,362,37,,-,532,438,43,51,0,412,373,38,0,-,"£48,239",,-,"£48,239",£0,,,
"Mon, Feb 9, 2026","43,527","31,771","4,568","4,096","3,138",392,298,10.49%,89.67%,9.57%,76.02%,0.90%,0.68%,6.52%,233,95,392,333,16,43,,298,271,27,,-,405,343,17,45,0,308,280,28,0,-,"£48,544",,-,"£43,308","£5,236",,,
"Tue, Feb 10, 2026","52,725","38,789","5,708","5,146","3,974",439,325,10.83%,90.15%,8.53%,74.03%,0.83%,0.62%,5.69%,263,80,439,355,21,63,,325,277,48,,-,455,366,22,67,0,336,286,50,0,-,"£62,474",,-,"£57,283","£5,192",,,
"Wed, Feb 11, 2026","54,282","40,392","5,604","5,007","3,802",416,311,10.32%,89.35%,8.31%,74.76%,0.77%,0.57%,5.55%,254,65,416,325,17,74,,311,259,52,,-,432,336,18,79,0,322,268,54,0,-,"£80,150",,-,"£74,915","£5,235",,,
"Thu, Feb 12, 2026","48,128","35,555","5,347","4,783","3,693",464,360,11.11%,89.45%,9.70%,77.59%,0.96%,0.75%,6.73%,284,106,464,374,15,75,0,360,294,66,0,-,482,387,16,80,0,373,305,69,0,-,"£69,253",,-,"£65,711","£3,541",,,
"Fri, Feb 13, 2026","39,782","30,366","4,124","3,683","2,794",367,291,10.37%,89.31%,9.96%,79.29%,0.92%,0.73%,7.06%,251,116,367,261,43,58,5,291,241,46,4,-,382,270,45,62,5,302,250,48,4,-,"£59,773",,-,"£54,694","£5,079",,,
"Sat, Feb 14, 2026","41,617","31,839","4,356","3,960","2,992",384,290,10.47%,90.91%,9.70%,75.52%,0.92%,0.70%,6.66%,264,117,384,221,74,87,2,290,224,65,1,-,401,229,77,93,2,302,233,68,1,-,"£68,590",,-,"£63,416","£5,174",,,
"Sun, Feb 15, 2026","49,154","37,348","5,312","4,847","3,732",442,349,10.81%,91.25%,9.12%,78.96%,0.90%,0.71%,6.57%,278,118,442,269,87,82,4,349,285,60,4,-,462,279,90,88,4,364,297,63,4,-,"£66,837",,-,"£61,119","£5,718",,,
"Mon, Feb 16, 2026","47,175","36,227","4,826","4,338","3,270",374,291,10.23%,89.89%,8.62%,77.81%,0.79%,0.62%,6.03%,240,98,374,246,63,63,2,291,240,49,2,-,391,256,66,68,2,304,251,51,2,-,"£69,411",,-,"£64,511","£4,899",,,
"Tue, Feb 17, 2026","40,840","31,490","4,260","3,823","2,929",405,319,10.43%,89.74%,10.59%,78.77%,0.99%,0.78%,7.49%,257,73,405,279,61,63,2,319,269,48,2,-,424,291,64,68,2,334,281,50,2,-,"£66,157",,-,"£62,377","£3,780",,,
"Wed, Feb 18, 2026","42,570","32,963","4,435","3,987","3,013",346,251,10.42%,89.90%,8.68%,72.54%,0.81%,0.59%,5.66%,212,77,346,216,71,56,3,251,205,43,3,-,363,225,74,61,3,263,215,45,3,-,"£64,964",,-,"£58,303","£6,661",,,
"Thu, Feb 19, 2026","40,910","32,406","4,273","3,875","2,906",345,263,10.44%,90.69%,8.90%,76.23%,0.84%,0.64%,6.15%,219,78,345,213,43,83,6,263,200,58,5,-,363,222,45,90,6,276,210,61,5,-,"£64,928",,-,"£55,569","£9,359",,,
"Fri, Feb 20, 2026","36,705","29,291","3,753","3,431","2,558",344,263,10.22%,91.42%,10.03%,76.45%,0.94%,0.72%,7.01%,217,81,344,230,39,71,4,263,215,45,3,-,362,240,41,77,4,276,226,47,3,-,"£55,642",,-,"£48,915","£6,727",,,
"Sat, Feb 21, 2026","39,510","31,764","4,524","4,119","3,054",350,282,11.45%,91.05%,8.50%,80.57%,0.89%,0.71%,6.23%,206,59,350,237,18,85,10,282,205,69,8,-,370,248,19,93,10,297,216,73,9,-,"£61,778",,-,"£49,066","£12,712",,,
"Sun, Feb 22, 2026","41,775","32,915","4,992","4,590","3,388",416,316,11.95%,91.95%,9.06%,75.96%,1.00%,0.76%,6.33%,271,95,416,298,21,90,7,316,250,59,7,-,440,313,22,98,7,334,264,62,8,-,"£70,820",,-,"£58,196","£12,624",,,
"Mon, Feb 23, 2026","38,908","31,150","4,312","3,911","2,930",373,276,11.08%,90.70%,9.54%,73.99%,0.96%,0.71%,6.40%,225,72,373,247,52,68,6,276,222,49,5,-,395,259,55,75,6,292,235,52,6,-,"£59,979",,-,"£49,583","£10,396",,,
"Tue, Feb 24, 2026","39,224","31,863","4,844","4,408","3,341",390,303,12.35%,91.00%,8.85%,77.69%,0.99%,0.77%,6.26%,223,71,390,220,73,85,12,303,227,67,9,-,414,232,77,94,12,321,240,71,10,-,"£65,079",,-,"£51,565","£13,514",,,
"Wed, Feb 25, 2026","43,234","35,215","5,469","5,009","3,953",390,302,12.65%,91.59%,7.79%,77.44%,0.90%,0.70%,5.52%,245,70,390,229,82,76,3,302,239,60,3,-,415,241,87,84,3,321,254,64,3,-,"£71,884",,-,"£55,661","£16,224",,,
"Thu, Feb 26, 2026","40,286","32,851","4,745","4,340","3,319",383,295,11.78%,91.46%,8.82%,77.02%,0.95%,0.73%,6.22%,258,65,383,219,77,77,10,295,228,57,10,-,408,231,81,85,10,314,242,61,11,-,"£74,120",,-,"£57,186","£16,934",,,
"Fri, Feb 27, 2026","38,109","31,239","4,155","3,792","2,924",400,318,10.90%,91.26%,10.55%,79.50%,1.05%,0.83%,7.65%,301,99,400,218,101,78,3,318,260,56,2,-,428,231,107,87,3,339,277,60,2,-,"£72,849",,-,"£57,042","£15,807",,,
"Sat, Feb 28, 2026","39,287","32,546","4,714","4,315","3,321",372,301,12.00%,91.54%,8.62%,80.91%,0.95%,0.77%,6.39%,260,116,372,206,66,94,6,301,230,65,6,-,400,218,70,105,6,322,246,69,7,-,"£85,978",,-,"£72,012","£13,966",,,
"Sun, Mar 1, 2026","43,260","35,734","5,332","4,851","3,610",424,333,12.33%,90.98%,8.74%,78.54%,0.98%,0.77%,6.25%,295,129,424,230,72,114,8,333,242,84,7,-,457,244,76,128,8,357,259,90,8,-,"£100,237",,-,"£81,690","£18,547",,,
"Mon, Mar 2, 2026","38,959","32,059","4,342","3,945","2,950",357,279,11.15%,90.86%,9.05%,78.15%,0.92%,0.72%,6.43%,257,54,357,201,74,72,10,279,213,60,6,-,384,214,79,81,10,300,229,64,7,-,"£91,557",,-,"£74,469","£17,088",,,
"Tue, Mar 3, 2026","37,517","30,936","4,256","3,911","2,872",357,274,11.34%,91.89%,9.13%,76.75%,0.95%,0.73%,6.44%,243,60,357,199,76,78,4,274,215,56,3,-,386,212,81,88,4,295,232,60,3,-,"£85,514",,-,"£72,499","£13,015",,,
"Wed, Mar 4, 2026","38,552","30,797","4,471","4,044","3,002",374,289,11.60%,90.45%,9.25%,77.27%,0.97%,0.75%,6.46%,267,54,374,226,68,73,7,289,223,61,5,-,405,242,73,83,7,312,241,66,6,-,"£98,201",,-,"£80,348","£17,853",,,
"Thu, Mar 5, 2026","39,085","31,321","4,572","4,147","3,056",433,314,11.70%,90.70%,10.44%,72.52%,1.11%,0.80%,6.87%,315,79,433,257,90,80,6,314,257,52,5,-,470,276,96,91,6,340,278,56,6,-,"£98,645",,-,"£80,911","£17,735",,,
"Fri, Mar 6, 2026","35,490","28,296","3,886","3,513","2,552",327,233,10.95%,90.40%,9.31%,71.25%,0.92%,0.66%,6.00%,234,46,327,205,67,53,2,233,194,37,2,-,355,220,72,61,2,253,211,40,2,-,"£90,540",,-,"£80,094","£10,445",,,
"Sat, Mar 7, 2026","35,784","28,392","3,903","3,582","2,680",323,245,10.91%,91.78%,9.02%,75.85%,0.90%,0.68%,6.28%,229,86,323,169,75,79,0,245,191,54,0,-,354,182,81,91,0,267,208,59,0,-,"£76,405",,-,"£76,405",£0,,,
"Sun, Mar 8, 2026","36,406","28,830","4,203","3,837","2,854",375,293,11.54%,91.29%,9.77%,78.13%,1.03%,0.80%,6.97%,248,120,375,230,72,73,0,293,244,49,0,-,411,249,78,84,0,320,267,54,0,-,"£72,618",,-,"£72,618",£0,,,
"Mon, Mar 9, 2026","37,654","30,313","4,328","3,857","2,855",362,281,11.49%,89.12%,9.39%,77.62%,0.96%,0.75%,6.49%,249,66,362,175,113,68,6,281,226,50,5,-,397,190,122,79,6,309,248,55,6,-,"£74,535",,-,"£55,721","£18,813",,,
"Tue, Mar 10, 2026","36,238","29,426","4,126","3,725","2,788",331,256,11.39%,90.28%,8.89%,77.34%,0.91%,0.71%,6.20%,233,66,331,152,113,59,7,256,208,43,5,-,364,165,123,69,7,282,229,47,6,-,"£72,190",,-,"£50,729","£21,461",,,
"Wed, Mar 11, 2026","32,014","24,803","3,582","3,222","2,370",282,213,11.19%,89.95%,8.75%,75.53%,0.88%,0.67%,5.95%,178,67,282,129,122,27,4,213,193,17,3,-,309,141,133,32,4,236,213,19,4,-,"£56,410",,-,"£43,606","£12,805",,,
"Thu, Mar 12, 2026","32,038","24,157","3,647","3,263","2,463",294,224,11.38%,89.47%,9.01%,76.19%,0.92%,0.70%,6.14%,204,68,294,164,110,13,7,224,206,12,6,-,322,179,120,15,7,249,229,13,7,-,"£44,625",,-,"£28,567","£16,058",,,
"Fri, Mar 13, 2026","26,737","20,387","3,087","2,817","2,129",281,216,11.55%,91.25%,9.98%,76.87%,1.05%,0.81%,7.00%,194,97,281,143,122,16,0,216,203,13,0,-,309,157,134,19,0,241,226,14,0,-,"£33,489",,-,"£25,019","£8,470",,,
"Sat, Mar 14, 2026","26,317","19,885","3,139","2,874","2,185",251,198,11.93%,91.56%,8.73%,78.88%,0.95%,0.75%,6.31%,167,100,251,123,119,7,2,198,190,6,2,-,276,135,131,8,2,222,213,7,2,-,"£33,670",,-,"£25,222","£8,448",,,
"Sun, Mar 15, 2026","28,270","21,293","3,403","3,124","2,321",243,192,12.04%,91.80%,7.78%,79.01%,0.86%,0.68%,5.64%,161,81,243,123,101,15,4,192,177,11,4,-,269,136,111,18,4,216,199,12,5,-,"£36,176",,-,"£27,775","£8,401",,,
"Mon, Mar 16, 2026","30,765","23,351","3,647","3,333","2,515",237,175,11.85%,91.39%,7.11%,73.84%,0.77%,0.57%,4.80%,139,52,237,122,95,17,3,175,163,10,2,-,264,135,105,21,3,198,184,11,3,-,"£37,373",,-,"£27,656","£9,717",,,
"Tue, Mar 17, 2026","33,989","25,680","4,161","3,823","2,882",324,246,12.24%,91.88%,8.48%,75.93%,0.95%,0.72%,5.91%,227,71,324,154,156,13,1,246,235,10,1,-,361,171,173,16,1,279,267,11,1,-,"£41,278",,-,"£35,761","£5,517",,,
"Wed, Mar 18, 2026","34,976","26,113","4,111","3,755","2,790",322,241,11.75%,91.34%,8.58%,74.84%,0.92%,0.69%,5.86%,212,59,322,141,165,11,5,241,229,8,4,-,360,157,184,14,5,276,261,9,5,-,"£42,702",,-,"£37,324","£5,378",,,
"Thu, Mar 19, 2026","35,300","25,988","3,908","3,606","2,791",317,241,11.07%,92.27%,8.79%,76.03%,0.90%,0.68%,6.17%,225,72,317,175,134,6,2,241,235,5,1,-,356,196,150,7,2,277,270,6,1,-,"£50,952",,-,"£45,382","£5,570",,,
"Fri, Mar 20, 2026","33,077","25,182","3,585","3,256","2,484",289,235,10.84%,90.82%,8.88%,81.31%,0.87%,0.71%,6.56%,207,90,289,159,113,16,1,235,220,14,1,-,327,179,127,20,1,271,254,16,1,-,"£49,798",,-,"£44,647","£5,151",,,
"Sat, Mar 21, 2026","35,045","25,872","4,011","3,716","2,801",300,227,11.45%,92.65%,8.07%,75.67%,0.86%,0.65%,5.66%,208,81,300,174,115,9,2,227,219,6,2,-,340,197,130,11,2,264,254,7,3,-,"£50,418",,-,"£45,639","£4,778",,,
"Sun, Mar 22, 2026","39,936","28,974","4,915","4,527","3,357",356,276,12.31%,92.11%,7.86%,77.53%,0.89%,0.69%,5.62%,265,140,356,196,148,11,1,276,269,6,1,-,405,223,168,14,1,323,315,7,1,-,"£55,773",,-,"£49,702","£6,071",,,
"Mon, Mar 23, 2026","38,193","29,608","4,619","4,160","3,169",327,251,12.09%,90.06%,7.86%,76.76%,0.86%,0.66%,5.43%,239,95,327,152,150,20,5,251,232,15,4,-,376,174,171,26,6,297,274,18,6,-,"£53,994",,-,"£48,170","£5,825",,,
"Tue, Mar 24, 2026","34,156","27,409","3,525","3,122","2,392",259,192,10.32%,88.57%,8.30%,74.13%,0.76%,0.56%,5.45%,175,80,259,153,75,31,0,192,169,23,0,-,302,176,86,40,0,229,201,27,0,-,"£51,864",,-,"£46,846","£5,019",,,
"Wed, Mar 25, 2026","34,973","26,782","3,995","3,572","2,747",304,224,11.42%,89.41%,8.51%,73.68%,0.87%,0.64%,5.61%,230,81,304,204,76,21,3,224,208,13,3,-,355,236,88,28,4,270,250,16,4,-,"£49,886",,-,"£44,542","£5,345",,,
"Thu, Mar 26, 2026","39,309","30,036","4,645","4,202","3,378",340,242,11.82%,90.46%,8.09%,71.18%,0.86%,0.62%,5.21%,253,113,340,242,76,22,0,242,226,16,0,-,399,282,88,29,0,295,275,19,0,-,"£53,876",,-,"£48,995","£4,881",,,
"Fri, Mar 27, 2026","35,043","25,623","3,716","3,377","2,653",276,200,10.60%,90.88%,8.17%,72.46%,0.79%,0.57%,5.38%,213,97,276,207,55,12,2,200,191,8,1,-,326,243,64,16,2,247,236,10,1,-,"£47,347",,-,"£42,695","£4,652",,,
"Sat, Mar 28, 2026","35,707","25,919","3,722","3,383","2,661",297,216,10.42%,90.89%,8.78%,72.73%,0.83%,0.60%,5.80%,237,109,297,221,69,6,1,216,209,6,1,-,353,262,82,8,1,271,262,8,2,-,"£55,761",,-,"£51,180","£4,581",,,
"Sun, Mar 29, 2026","43,883","31,050","5,243","4,718","3,741",334,229,11.95%,89.99%,7.08%,68.56%,0.76%,0.52%,4.37%,267,111,334,273,53,7,1,229,222,6,1,-,401,327,63,10,1,293,284,8,2,-,"£64,418",,-,"£58,776","£5,642",,,
"Mon, Mar 30, 2026","40,805","29,803","4,172","3,749","3,003",324,242,10.22%,89.86%,8.64%,74.69%,0.79%,0.59%,5.80%,248,107,324,255,60,8,1,242,236,5,1,-,394,309,72,11,1,317,309,7,2,-,"£53,887",,-,"£48,106","£5,781",,,
"Tue, Mar 31, 2026","41,614","30,379","4,220","3,754","2,895",319,221,10.14%,88.96%,8.50%,69.28%,0.77%,0.53%,5.24%,268,91,319,241,72,4,2,221,217,2,2,-,392,295,88,6,3,298,292,3,3,-,"£56,126",,-,"£49,504","£6,622",,,
"Wed, Apr 1, 2026","42,855","31,746","4,049","3,557","2,812",300,219,9.45%,87.85%,8.43%,73.00%,0.70%,0.51%,5.41%,264,79,300,243,50,6,1,219,215,4,0,-,375,303,62,9,1,306,300,6,0,-,"£67,601",,-,"£62,062","£5,538",,,
"Thu, Apr 2, 2026","37,760","27,828","3,801","3,324","2,562",273,182,10.07%,87.45%,8.21%,66.67%,0.72%,0.48%,4.79%,241,75,273,209,54,8,2,182,176,4,2,-,349,265,68,12,3,267,257,6,4,-,"£63,944",,-,"£58,575","£5,368",,,
"Fri, Apr 3, 2026","39,367","28,372","3,849","3,408","2,612",222,142,9.78%,88.54%,6.51%,63.96%,0.56%,0.36%,3.69%,202,92,222,185,33,4,0,142,142,0,0,-,289,240,43,6,0,222,222,0,0,-,"£66,961",,-,"£61,160","£5,801",,,
"Sat, Apr 4, 2026","28,826","21,180","3,094","2,771","2,129",220,134,10.73%,89.56%,7.94%,60.91%,0.76%,0.46%,4.33%,201,103,220,169,46,3,2,134,131,2,1,-,295,226,61,5,3,235,230,3,2,-,"£54,035",,-,"£48,250","£5,785",,,
"Sun, Apr 5, 2026","29,973","21,419","3,521","3,165","2,434",182,94,11.75%,89.89%,5.75%,51.65%,0.61%,0.31%,2.67%,180,91,182,141,40,0,1,94,93,0,1,-,254,197,55,0,2,210,207,0,3,-,"£34,508",,-,"£28,046","£6,462",,,